Workbook

Sheet Read Me
B2: Decommissioning Quality Health Dashboard
B3: Built from the Alpha Quality Health Dashboard slide. One dashboard per operating unit, each broken down by project, all rolling up into the Decommissioning board.
B5: Sheets
B6: Decommissioning | C6: Central board. Decommissioning totals, performance by operating unit, DNWP Lot 1 matrix (Amentum and A2R), and escalations and SOFT pulled from each unit.
B7: Alpha / Calder / Repro Decom / Windscale | C7: One dashboard per operating unit, laid out like the slide: PowerBI data (previous and current period), Quality Performance, Escalations, commentary by project, SOFT, project performance and project data entry.
B8: Settings | C8: Period number, report date and every RAG threshold. Change them once here and they apply to all dashboards.
B10: Each period
B11: 1. Settings: update the current and previous period numbers and the report date.
B12: 2. Each operating unit sheet: before typing new figures, copy the current-period PowerBI table and paste it into the previous-period table as values (Paste Special > Values). The previous-period tiles then show last period.
B13: 3. Enter the new figures in each operating unit's 'Project data entry' tables (Done and Total for each project). Live NCRs is a single count per project.
B14: 4. Add commentary by project, escalations and SOFT entries on each operating unit sheet. These appear on the Decommissioning board automatically.
B15: 5. Decommissioning sheet: set each DNWP Lot 1 measure to Red or Green for Amentum and A2R, add commentary, and add any Decommissioning-level escalations.
B17: Colour key
B18: Example | C18: Input cell. Type here.
B19: Green | C19: Green
B20: Amber | C20: Amber
B21: Red | C21: Red, or Done greater than Total in data entry
B22: N/A: no data entered | C22: N/A: no data entered, or a total of 0
B24: Example data-entry row (format only)
B25: Project | C25: CRs Done | D25: CRs Total | E25: IERs Done | F25: IERs Total | G25: …
B26: B203 | C26: 12 | D26: 15 | E26: 4 | F26: 4 | G26: …
B27: This gives CRs Sentenced on time 80.0% (12/15), Amber, and IERs 100.0% (4/4), Green. Illustrative only; the workbook ships blank.
B29: How the figures are worked out
B30: • Percentages are Done ÷ Total. Project rows add up to the operating unit total, and the operating units add up to the Decommissioning total, so a large project counts for more than a small one.
B31: • Live NCRs are added together across projects and operating units.
B32: • Percentages show one decimal place so the colour always matches the number shown (e.g. 74.7% is Red, under 75%).
B33: • RAG bands are taken from the slide legends and can be changed on the Settings sheet.
B34: • Calder, Repro Decom and Windscale project names are placeholders (Project 1–6). Type the real names in the first column of each sheet's first data-entry table. There are 8 project rows per unit.

Sheet Decommissioning
A2: Decommissioning Quality Health Dashboard | I2: =PeriodText -> Period 7 – 23/10/2026
A3: Totals are the sum of every operating unit's project figures (Done ÷ Total), not an average of percentages.
A4: PowerBI Data | J4: RAG | K4: =">"&TEXT(PBI_G,"0%") -> >90% | L4: =TEXT(PBI_R,"0%")&" – "&TEXT(PBI_G,"0%") -> 75% – 90% | M4: ="<"&TEXT(PBI_R,"0%") -> <75%
B5: CRs Sentenced on time | D5: IERs Sentenced on time | F5: Investigations approved on time | H5: LITF Completed | J5: Assurances completed on time | L5: ATLAS Actions completed on time
A6: =PrevLbl&" (previous)" -> P6 (previous) | B6: =IF(N(C77)=0,"N/A",N(B77)/C77) -> N/A | D6: =IF(N(E77)=0,"N/A",N(D77)/E77) -> N/A | F6: =IF(N(G77)=0,"N/A",N(F77)/G77) -> N/A | H6: =IF(N(I77)=0,"N/A",N(H77)/I77) -> N/A | J6: =IF(N(K77)=0,"N/A",N(J77)/K77) -> N/A | L6: =IF(N(M77)=0,"N/A",N(L77)/M77) -> N/A
B7: =IF(N(C77)=0,"",N(B77)&"/"&C77) | D7: =IF(N(E77)=0,"",N(D77)&"/"&E77) | F7: =IF(N(G77)=0,"",N(F77)&"/"&G77) | H7: =IF(N(I77)=0,"",N(H77)&"/"&I77) | J7: =IF(N(K77)=0,"",N(J77)&"/"&K77) | L7: =IF(N(M77)=0,"",N(L77)&"/"&M77)
B8: =IF(NOT(ISNUMBER(B6)),"N/A",IF(B6>PBI_G,"Green",IF(B6<PBI_R,"Red","Amber"))) -> N/A | D8: =IF(NOT(ISNUMBER(D6)),"N/A",IF(D6>PBI_G,"Green",IF(D6<PBI_R,"Red","Amber"))) -> N/A | F8: =IF(NOT(ISNUMBER(F6)),"N/A",IF(F6>PBI_G,"Green",IF(F6<PBI_R,"Red","Amber"))) -> N/A | H8: =IF(NOT(ISNUMBER(H6)),"N/A",IF(H6>PBI_G,"Green",IF(H6<PBI_R,"Red","Amber"))) -> N/A | J8: =IF(NOT(ISNUMBER(J6)),"N/A",IF(J6>PBI_G,"Green",IF(J6<PBI_R,"Red","Amber"))) -> N/A | L8: =IF(NOT(ISNUMBER(L6)),"N/A",IF(L6>PBI_G,"Green",IF(L6<PBI_R,"Red","Amber"))) -> N/A
A10: =CurLbl&" (current)" -> P7 (current) | B10: =IF(N(C68)=0,"N/A",N(B68)/C68) -> N/A | D10: =IF(N(E68)=0,"N/A",N(D68)/E68) -> N/A | F10: =IF(N(G68)=0,"N/A",N(F68)/G68) -> N/A | H10: =IF(N(I68)=0,"N/A",N(H68)/I68) -> N/A | J10: =IF(N(K68)=0,"N/A",N(J68)/K68) -> N/A | L10: =IF(N(M68)=0,"N/A",N(L68)/M68) -> N/A
B11: =IF(N(C68)=0,"",N(B68)&"/"&C68) | D11: =IF(N(E68)=0,"",N(D68)&"/"&E68) | F11: =IF(N(G68)=0,"",N(F68)&"/"&G68) | H11: =IF(N(I68)=0,"",N(H68)&"/"&I68) | J11: =IF(N(K68)=0,"",N(J68)&"/"&K68) | L11: =IF(N(M68)=0,"",N(L68)&"/"&M68)
B12: =IF(NOT(ISNUMBER(B10)),"N/A",IF(B10>PBI_G,"Green",IF(B10<PBI_R,"Red","Amber"))) -> N/A | D12: =IF(NOT(ISNUMBER(D10)),"N/A",IF(D10>PBI_G,"Green",IF(D10<PBI_R,"Red","Amber"))) -> N/A | F12: =IF(NOT(ISNUMBER(F10)),"N/A",IF(F10>PBI_G,"Green",IF(F10<PBI_R,"Red","Amber"))) -> N/A | H12: =IF(NOT(ISNUMBER(H10)),"N/A",IF(H10>PBI_G,"Green",IF(H10<PBI_R,"Red","Amber"))) -> N/A | J12: =IF(NOT(ISNUMBER(J10)),"N/A",IF(J10>PBI_G,"Green",IF(J10<PBI_R,"Red","Amber"))) -> N/A | L12: =IF(NOT(ISNUMBER(L10)),"N/A",IF(L10>PBI_G,"Green",IF(L10<PBI_R,"Red","Amber"))) -> N/A
A13: Change | B13: =IF(OR(NOT(ISNUMBER(B6)),NOT(ISNUMBER(B10))),"–",IF(ROUND(B10-B6,4)>0,"▲ ",IF(ROUND(B10-B6,4)<0,"▼ ","► "))&TEXT(ABS(B10-B6)*100,"0.0")&" pts vs "&PrevLbl) -> – | D13: =IF(OR(NOT(ISNUMBER(D6)),NOT(ISNUMBER(D10))),"–",IF(ROUND(D10-D6,4)>0,"▲ ",IF(ROUND(D10-D6,4)<0,"▼ ","► "))&TEXT(ABS(D10-D6)*100,"0.0")&" pts vs "&PrevLbl) -> – | F13: =IF(OR(NOT(ISNUMBER(F6)),NOT(ISNUMBER(F10))),"–",IF(ROUND(F10-F6,4)>0,"▲ ",IF(ROUND(F10-F6,4)<0,"▼ ","► "))&TEXT(ABS(F10-F6)*100,"0.0")&" pts vs "&PrevLbl) -> – | H13: =IF(OR(NOT(ISNUMBER(H6)),NOT(ISNUMBER(H10))),"–",IF(ROUND(H10-H6,4)>0,"▲ ",IF(ROUND(H10-H6,4)<0,"▼ ","► "))&TEXT(ABS(H10-H6)*100,"0.0")&" pts vs "&PrevLbl) -> – | J13: =IF(OR(NOT(ISNUMBER(J6)),NOT(ISNUMBER(J10))),"–",IF(ROUND(J10-J6,4)>0,"▲ ",IF(ROUND(J10-J6,4)<0,"▼ ","► "))&TEXT(ABS(J10-J6)*100,"0.0")&" pts vs "&PrevLbl) -> – | L13: =IF(OR(NOT(ISNUMBER(L6)),NOT(ISNUMBER(L10))),"–",IF(ROUND(L10-L6,4)>0,"▲ ",IF(ROUND(L10-L6,4)<0,"▼ ","► "))&TEXT(ABS(L10-L6)*100,"0.0")&" pts vs "&PrevLbl) -> –
A15: Quality Performance
B16: Non-Conformances (live NCRs) | D16: Engineering Queries | F16: Inspection Performance | H16: Lifetime Records | J16: Decommissioning escalations
B17: ="Green ≤"&NCR_G&" · Amber "&(NCR_G+1)&"–"&(NCR_R-1)&" · Red ≥"&NCR_R -> Green ≤2 · Amber 3–5 · Red ≥6 | D17: ="Green >"&TEXT(EQ_G,"0%")&" · Amber "&TEXT(EQ_R,"0%")&"–"&TEXT(EQ_G,"0%")&" · Red <"&TEXT(EQ_R,"0%") -> Green >80% · Amber 70%–80% · Red <70% | F17: ="Green >"&TEXT(INSP_G,"0%")&" · Amber "&TEXT(INSP_R,"0%")&"–"&TEXT(INSP_G,"0%")&" · Red <"&TEXT(INSP_R,"0%") -> Green >95% · Amber 90%–95% · Red <90% | H17: ="Green >"&TEXT(LTR_G,"0%")&" · Amber "&TEXT(LTR_R,"0%")&"–"&TEXT(LTR_G,"0%")&" · Red <"&TEXT(LTR_R,"0%") -> Green >95% · Amber 70%–95% · Red <70%
A18: =CurLbl&" (current)" -> P7 (current) | B18: =IF(ISNUMBER(B86),B86,"N/A") -> N/A | D18: =IF(N(E86)=0,"N/A",N(D86)/E86) -> N/A | F18: =IF(N(G86)=0,"N/A",N(F86)/G86) -> N/A | H18: =IF(N(I86)=0,"N/A",N(H86)/I86) -> N/A
B19: =IF(ISNUMBER(B86),"live NCRs","") | D19: =IF(N(E86)=0,"",N(D86)&"/"&E86) | F19: =IF(N(G86)=0,"",N(F86)&"/"&G86) | H19: =IF(N(I86)=0,"",N(H86)&"/"&I86)
B20: =IF(NOT(ISNUMBER(B18)),"N/A",IF(B18<=NCR_G,"Green",IF(B18>=NCR_R,"Red","Amber"))) -> N/A | D20: =IF(NOT(ISNUMBER(D18)),"N/A",IF(D18>EQ_G,"Green",IF(D18<EQ_R,"Red","Amber"))) -> N/A | F20: =IF(NOT(ISNUMBER(F18)),"N/A",IF(F18>INSP_G,"Green",IF(F18<INSP_R,"Red","Amber"))) -> N/A | H20: =IF(NOT(ISNUMBER(H18)),"N/A",IF(H18>LTR_G,"Green",IF(H18<LTR_R,"Red","Amber"))) -> N/A
A22: ="Performance by operating unit – current period ("&CurLbl&")" -> Performance by operating unit – current period (P7)
A23: PowerBI data
A24: Operating unit | B24: CRs Sentenced on time | D24: IERs Sentenced on time | F24: Investigations approved on time | H24: LITF Completed | J24: Assurances completed on time | L24: ATLAS Actions completed on time
A25: =HYPERLINK("#'Alpha'!A1","Alpha") -> Alpha | B25: =IF($A25="","",IF(N(C64)=0,"N/A",N(B64)/C64)) -> N/A | C25: =IF(OR($A25="",N(C64)=0),"",N(B64)&"/"&C64) | D25: =IF($A25="","",IF(N(E64)=0,"N/A",N(D64)/E64)) -> N/A | E25: =IF(OR($A25="",N(E64)=0),"",N(D64)&"/"&E64) | F25: =IF($A25="","",IF(N(G64)=0,"N/A",N(F64)/G64)) -> N/A | G25: =IF(OR($A25="",N(G64)=0),"",N(F64)&"/"&G64) | H25: =IF($A25="","",IF(N(I64)=0,"N/A",N(H64)/I64)) -> N/A | I25: =IF(OR($A25="",N(I64)=0),"",N(H64)&"/"&I64) | J25: =IF($A25="","",IF(N(K64)=0,"N/A",N(J64)/K64)) -> N/A | K25: =IF(OR($A25="",N(K64)=0),"",N(J64)&"/"&K64) | L25: =IF($A25="","",IF(N(M64)=0,"N/A",N(L64)/M64)) -> N/A | M25: =IF(OR($A25="",N(M64)=0),"",N(L64)&"/"&M64)
A26: =HYPERLINK("#'Calder'!A1","Calder") -> Calder | B26: =IF($A26="","",IF(N(C65)=0,"N/A",N(B65)/C65)) -> N/A | C26: =IF(OR($A26="",N(C65)=0),"",N(B65)&"/"&C65) | D26: =IF($A26="","",IF(N(E65)=0,"N/A",N(D65)/E65)) -> N/A | E26: =IF(OR($A26="",N(E65)=0),"",N(D65)&"/"&E65) | F26: =IF($A26="","",IF(N(G65)=0,"N/A",N(F65)/G65)) -> N/A | G26: =IF(OR($A26="",N(G65)=0),"",N(F65)&"/"&G65) | H26: =IF($A26="","",IF(N(I65)=0,"N/A",N(H65)/I65)) -> N/A | I26: =IF(OR($A26="",N(I65)=0),"",N(H65)&"/"&I65) | J26: =IF($A26="","",IF(N(K65)=0,"N/A",N(J65)/K65)) -> N/A | K26: =IF(OR($A26="",N(K65)=0),"",N(J65)&"/"&K65) | L26: =IF($A26="","",IF(N(M65)=0,"N/A",N(L65)/M65)) -> N/A | M26: =IF(OR($A26="",N(M65)=0),"",N(L65)&"/"&M65)
A27: =HYPERLINK("#'Repro Decom'!A1","Repro Decom") -> Repro Decom | B27: =IF($A27="","",IF(N(C66)=0,"N/A",N(B66)/C66)) -> N/A | C27: =IF(OR($A27="",N(C66)=0),"",N(B66)&"/"&C66) | D27: =IF($A27="","",IF(N(E66)=0,"N/A",N(D66)/E66)) -> N/A | E27: =IF(OR($A27="",N(E66)=0),"",N(D66)&"/"&E66) | F27: =IF($A27="","",IF(N(G66)=0,"N/A",N(F66)/G66)) -> N/A | G27: =IF(OR($A27="",N(G66)=0),"",N(F66)&"/"&G66) | H27: =IF($A27="","",IF(N(I66)=0,"N/A",N(H66)/I66)) -> N/A | I27: =IF(OR($A27="",N(I66)=0),"",N(H66)&"/"&I66) | J27: =IF($A27="","",IF(N(K66)=0,"N/A",N(J66)/K66)) -> N/A | K27: =IF(OR($A27="",N(K66)=0),"",N(J66)&"/"&K66) | L27: =IF($A27="","",IF(N(M66)=0,"N/A",N(L66)/M66)) -> N/A | M27: =IF(OR($A27="",N(M66)=0),"",N(L66)&"/"&M66)
A28: =HYPERLINK("#'Windscale'!A1","Windscale") -> Windscale | B28: =IF($A28="","",IF(N(C67)=0,"N/A",N(B67)/C67)) -> N/A | C28: =IF(OR($A28="",N(C67)=0),"",N(B67)&"/"&C67) | D28: =IF($A28="","",IF(N(E67)=0,"N/A",N(D67)/E67)) -> N/A | E28: =IF(OR($A28="",N(E67)=0),"",N(D67)&"/"&E67) | F28: =IF($A28="","",IF(N(G67)=0,"N/A",N(F67)/G67)) -> N/A | G28: =IF(OR($A28="",N(G67)=0),"",N(F67)&"/"&G67) | H28: =IF($A28="","",IF(N(I67)=0,"N/A",N(H67)/I67)) -> N/A | I28: =IF(OR($A28="",N(I67)=0),"",N(H67)&"/"&I67) | J28: =IF($A28="","",IF(N(K67)=0,"N/A",N(J67)/K67)) -> N/A | K28: =IF(OR($A28="",N(K67)=0),"",N(J67)&"/"&K67) | L28: =IF($A28="","",IF(N(M67)=0,"N/A",N(L67)/M67)) -> N/A | M28: =IF(OR($A28="",N(M67)=0),"",N(L67)&"/"&M67)
A29: Decommissioning total | B29: =IF($A29="","",IF(N(C68)=0,"N/A",N(B68)/C68)) -> N/A | C29: =IF(OR($A29="",N(C68)=0),"",N(B68)&"/"&C68) | D29: =IF($A29="","",IF(N(E68)=0,"N/A",N(D68)/E68)) -> N/A | E29: =IF(OR($A29="",N(E68)=0),"",N(D68)&"/"&E68) | F29: =IF($A29="","",IF(N(G68)=0,"N/A",N(F68)/G68)) -> N/A | G29: =IF(OR($A29="",N(G68)=0),"",N(F68)&"/"&G68) | H29: =IF($A29="","",IF(N(I68)=0,"N/A",N(H68)/I68)) -> N/A | I29: =IF(OR($A29="",N(I68)=0),"",N(H68)&"/"&I68) | J29: =IF($A29="","",IF(N(K68)=0,"N/A",N(J68)/K68)) -> N/A | K29: =IF(OR($A29="",N(K68)=0),"",N(J68)&"/"&K68) | L29: =IF($A29="","",IF(N(M68)=0,"N/A",N(L68)/M68)) -> N/A | M29: =IF(OR($A29="",N(M68)=0),"",N(L68)&"/"&M68)
A30: Quality Performance
A31: Operating unit | B31: Non-Conformances (live NCRs) | D31: Engineering Queries | F31: Inspection Performance | H31: Lifetime Records
A32: =HYPERLINK("#'Alpha'!A1","Alpha") -> Alpha | B32: =IF($A32="","",IF(ISNUMBER(B82),B82,"N/A")) -> N/A | D32: =IF($A32="","",IF(N(E82)=0,"N/A",N(D82)/E82)) -> N/A | E32: =IF(OR($A32="",N(E82)=0),"",N(D82)&"/"&E82) | F32: =IF($A32="","",IF(N(G82)=0,"N/A",N(F82)/G82)) -> N/A | G32: =IF(OR($A32="",N(G82)=0),"",N(F82)&"/"&G82) | H32: =IF($A32="","",IF(N(I82)=0,"N/A",N(H82)/I82)) -> N/A | I32: =IF(OR($A32="",N(I82)=0),"",N(H82)&"/"&I82)
A33: =HYPERLINK("#'Calder'!A1","Calder") -> Calder | B33: =IF($A33="","",IF(ISNUMBER(B83),B83,"N/A")) -> N/A | D33: =IF($A33="","",IF(N(E83)=0,"N/A",N(D83)/E83)) -> N/A | E33: =IF(OR($A33="",N(E83)=0),"",N(D83)&"/"&E83) | F33: =IF($A33="","",IF(N(G83)=0,"N/A",N(F83)/G83)) -> N/A | G33: =IF(OR($A33="",N(G83)=0),"",N(F83)&"/"&G83) | H33: =IF($A33="","",IF(N(I83)=0,"N/A",N(H83)/I83)) -> N/A | I33: =IF(OR($A33="",N(I83)=0),"",N(H83)&"/"&I83)
A34: =HYPERLINK("#'Repro Decom'!A1","Repro Decom") -> Repro Decom | B34: =IF($A34="","",IF(ISNUMBER(B84),B84,"N/A")) -> N/A | D34: =IF($A34="","",IF(N(E84)=0,"N/A",N(D84)/E84)) -> N/A | E34: =IF(OR($A34="",N(E84)=0),"",N(D84)&"/"&E84) | F34: =IF($A34="","",IF(N(G84)=0,"N/A",N(F84)/G84)) -> N/A | G34: =IF(OR($A34="",N(G84)=0),"",N(F84)&"/"&G84) | H34: =IF($A34="","",IF(N(I84)=0,"N/A",N(H84)/I84)) -> N/A | I34: =IF(OR($A34="",N(I84)=0),"",N(H84)&"/"&I84)
A35: =HYPERLINK("#'Windscale'!A1","Windscale") -> Windscale | B35: =IF($A35="","",IF(ISNUMBER(B85),B85,"N/A")) -> N/A | D35: =IF($A35="","",IF(N(E85)=0,"N/A",N(D85)/E85)) -> N/A | E35: =IF(OR($A35="",N(E85)=0),"",N(D85)&"/"&E85) | F35: =IF($A35="","",IF(N(G85)=0,"N/A",N(F85)/G85)) -> N/A | G35: =IF(OR($A35="",N(G85)=0),"",N(F85)&"/"&G85) | H35: =IF($A35="","",IF(N(I85)=0,"N/A",N(H85)/I85)) -> N/A | I35: =IF(OR($A35="",N(I85)=0),"",N(H85)&"/"&I85)
A36: Decommissioning total | B36: =IF($A36="","",IF(ISNUMBER(B86),B86,"N/A")) -> N/A | D36: =IF($A36="","",IF(N(E86)=0,"N/A",N(D86)/E86)) -> N/A | E36: =IF(OR($A36="",N(E86)=0),"",N(D86)&"/"&E86) | F36: =IF($A36="","",IF(N(G86)=0,"N/A",N(F86)/G86)) -> N/A | G36: =IF(OR($A36="",N(G86)=0),"",N(F86)&"/"&G86) | H36: =IF($A36="","",IF(N(I86)=0,"N/A",N(H86)/I86)) -> N/A | I36: =IF(OR($A36="",N(I86)=0),"",N(H86)&"/"&I86)
A38: ="DNWP Lot 1 performance – "&CurLbl -> DNWP Lot 1 performance – P7
A39: Choose Red or Green from the drop-down in each cell.
A40: Contracting company | B40: NCRs | D40: Supply Chain RFT | F40: NOIs | H40: Assurance Activities | J40: Assurance Actions | L40: LTR Adherence
A41: Amentum
A42: A2R
A43: Amentum commentary
A44: A2R commentary
A46: Escalations by operating unit
A47: Alpha | B47: =IF(Alpha!J17="","No escalations recorded",Alpha!J17) -> No escalations recorded
A48: Calder | B48: =IF(Calder!J17="","No escalations recorded",Calder!J17) -> No escalations recorded
A49: Repro Decom | B49: =IF('Repro Decom'!J17="","No escalations recorded",'Repro Decom'!J17) -> No escalations recorded
A50: Windscale | B50: =IF(Windscale!J17="","No escalations recorded",Windscale!J17) -> No escalations recorded
A52: SOFT by operating unit
A53: Operating unit | B53: Success | E53: Opportunities | H53: Failures | K53: Threats
A54: Alpha | B54: =IF(Alpha!B36="","",Alpha!$A36&": "&Alpha!B36&CHAR(10))&IF(Alpha!B37="","",Alpha!$A37&": "&Alpha!B37&CHAR(10))&IF(Alpha!B38="","",Alpha!$A38&": "&Alpha!B38&CHAR(10))&IF(Alpha!B39="","",Alpha!$A39&": "&Alpha!B39&CHAR(10))&IF(Alpha!B40="","",Alpha!$A40&": "&Alpha!B40&CHAR(10))&IF(Alpha!B41="","",Alpha!$A41&": "&Alpha!B41&CHAR(10))&IF(Alpha!B42="","",Alpha!$A42&": "&Alpha!B42&CHAR(10))&IF(Alpha!B43="","",Alpha!$A43&": "&Alpha!B43&CHAR(10))&IF(Alpha!B44="","",Alpha!$A44&": "&Alpha!B44&CHAR(10)) | E54: =IF(Alpha!E36="","",Alpha!$A36&": "&Alpha!E36&CHAR(10))&IF(Alpha!E37="","",Alpha!$A37&": "&Alpha!E37&CHAR(10))&IF(Alpha!E38="","",Alpha!$A38&": "&Alpha!E38&CHAR(10))&IF(Alpha!E39="","",Alpha!$A39&": "&Alpha!E39&CHAR(10))&IF(Alpha!E40="","",Alpha!$A40&": "&Alpha!E40&CHAR(10))&IF(Alpha!E41="","",Alpha!$A41&": "&Alpha!E41&CHAR(10))&IF(Alpha!E42="","",Alpha!$A42&": "&Alpha!E42&CHAR(10))&IF(Alpha!E43="","",Alpha!$A43&": "&Alpha!E43&CHAR(10))&IF(Alpha!E44="","",Alpha!$A44&": "&Alpha!E44&CHAR(10)) | H54: =IF(Alpha!H36="","",Alpha!$A36&": "&Alpha!H36&CHAR(10))&IF(Alpha!H37="","",Alpha!$A37&": "&Alpha!H37&CHAR(10))&IF(Alpha!H38="","",Alpha!$A38&": "&Alpha!H38&CHAR(10))&IF(Alpha!H39="","",Alpha!$A39&": "&Alpha!H39&CHAR(10))&IF(Alpha!H40="","",Alpha!$A40&": "&Alpha!H40&CHAR(10))&IF(Alpha!H41="","",Alpha!$A41&": "&Alpha!H41&CHAR(10))&IF(Alpha!H42="","",Alpha!$A42&": "&Alpha!H42&CHAR(10))&IF(Alpha!H43="","",Alpha!$A43&": "&Alpha!H43&CHAR(10))&IF(Alpha!H44="","",Alpha!$A44&": "&Alpha!H44&CHAR(10)) | K54: =IF(Alpha!K36="","",Alpha!$A36&": "&Alpha!K36&CHAR(10))&IF(Alpha!K37="","",Alpha!$A37&": "&Alpha!K37&CHAR(10))&IF(Alpha!K38="","",Alpha!$A38&": "&Alpha!K38&CHAR(10))&IF(Alpha!K39="","",Alpha!$A39&": "&Alpha!K39&CHAR(10))&IF(Alpha!K40="","",Alpha!$A40&": "&Alpha!K40&CHAR(10))&IF(Alpha!K41="","",Alpha!$A41&": "&Alpha!K41&CHAR(10))&IF(Alpha!K42="","",Alpha!$A42&": "&Alpha!K42&CHAR(10))&IF(Alpha!K43="","",Alpha!$A43&": "&Alpha!K43&CHAR(10))&IF(Alpha!K44="","",Alpha!$A44&": "&Alpha!K44&CHAR(10))
A55: Calder | B55: =IF(Calder!B36="","",Calder!$A36&": "&Calder!B36&CHAR(10))&IF(Calder!B37="","",Calder!$A37&": "&Calder!B37&CHAR(10))&IF(Calder!B38="","",Calder!$A38&": "&Calder!B38&CHAR(10))&IF(Calder!B39="","",Calder!$A39&": "&Calder!B39&CHAR(10))&IF(Calder!B40="","",Calder!$A40&": "&Calder!B40&CHAR(10))&IF(Calder!B41="","",Calder!$A41&": "&Calder!B41&CHAR(10))&IF(Calder!B42="","",Calder!$A42&": "&Calder!B42&CHAR(10))&IF(Calder!B43="","",Calder!$A43&": "&Calder!B43&CHAR(10))&IF(Calder!B44="","",Calder!$A44&": "&Calder!B44&CHAR(10)) | E55: =IF(Calder!E36="","",Calder!$A36&": "&Calder!E36&CHAR(10))&IF(Calder!E37="","",Calder!$A37&": "&Calder!E37&CHAR(10))&IF(Calder!E38="","",Calder!$A38&": "&Calder!E38&CHAR(10))&IF(Calder!E39="","",Calder!$A39&": "&Calder!E39&CHAR(10))&IF(Calder!E40="","",Calder!$A40&": "&Calder!E40&CHAR(10))&IF(Calder!E41="","",Calder!$A41&": "&Calder!E41&CHAR(10))&IF(Calder!E42="","",Calder!$A42&": "&Calder!E42&CHAR(10))&IF(Calder!E43="","",Calder!$A43&": "&Calder!E43&CHAR(10))&IF(Calder!E44="","",Calder!$A44&": "&Calder!E44&CHAR(10)) | H55: =IF(Calder!H36="","",Calder!$A36&": "&Calder!H36&CHAR(10))&IF(Calder!H37="","",Calder!$A37&": "&Calder!H37&CHAR(10))&IF(Calder!H38="","",Calder!$A38&": "&Calder!H38&CHAR(10))&IF(Calder!H39="","",Calder!$A39&": "&Calder!H39&CHAR(10))&IF(Calder!H40="","",Calder!$A40&": "&Calder!H40&CHAR(10))&IF(Calder!H41="","",Calder!$A41&": "&Calder!H41&CHAR(10))&IF(Calder!H42="","",Calder!$A42&": "&Calder!H42&CHAR(10))&IF(Calder!H43="","",Calder!$A43&": "&Calder!H43&CHAR(10))&IF(Calder!H44="","",Calder!$A44&": "&Calder!H44&CHAR(10)) | K55: =IF(Calder!K36="","",Calder!$A36&": "&Calder!K36&CHAR(10))&IF(Calder!K37="","",Calder!$A37&": "&Calder!K37&CHAR(10))&IF(Calder!K38="","",Calder!$A38&": "&Calder!K38&CHAR(10))&IF(Calder!K39="","",Calder!$A39&": "&Calder!K39&CHAR(10))&IF(Calder!K40="","",Calder!$A40&": "&Calder!K40&CHAR(10))&IF(Calder!K41="","",Calder!$A41&": "&Calder!K41&CHAR(10))&IF(Calder!K42="","",Calder!$A42&": "&Calder!K42&CHAR(10))&IF(Calder!K43="","",Calder!$A43&": "&Calder!K43&CHAR(10))&IF(Calder!K44="","",Calder!$A44&": "&Calder!K44&CHAR(10))
A56: Repro Decom | B56: =IF('Repro Decom'!B36="","",'Repro Decom'!$A36&": "&'Repro Decom'!B36&CHAR(10))&IF('Repro Decom'!B37="","",'Repro Decom'!$A37&": "&'Repro Decom'!B37&CHAR(10))&IF('Repro Decom'!B38="","",'Repro Decom'!$A38&": "&'Repro Decom'!B38&CHAR(10))&IF('Repro Decom'!B39="","",'Repro Decom'!$A39&": "&'Repro Decom'!B39&CHAR(10))&IF('Repro Decom'!B40="","",'Repro Decom'!$A40&": "&'Repro Decom'!B40&CHAR(10))&IF('Repro Decom'!B41="","",'Repro Decom'!$A41&": "&'Repro Decom'!B41&CHAR(10))&IF('Repro Decom'!B42="","",'Repro Decom'!$A42&": "&'Repro Decom'!B42&CHAR(10))&IF('Repro Decom'!B43="","",'Repro Decom'!$A43&": "&'Repro Decom'!B43&CHAR(10))&IF('Repro Decom'!B44="","",'Repro Decom'!$A44&": "&'Repro Decom'!B44&CHAR(10)) | E56: =IF('Repro Decom'!E36="","",'Repro Decom'!$A36&": "&'Repro Decom'!E36&CHAR(10))&IF('Repro Decom'!E37="","",'Repro Decom'!$A37&": "&'Repro Decom'!E37&CHAR(10))&IF('Repro Decom'!E38="","",'Repro Decom'!$A38&": "&'Repro Decom'!E38&CHAR(10))&IF('Repro Decom'!E39="","",'Repro Decom'!$A39&": "&'Repro Decom'!E39&CHAR(10))&IF('Repro Decom'!E40="","",'Repro Decom'!$A40&": "&'Repro Decom'!E40&CHAR(10))&IF('Repro Decom'!E41="","",'Repro Decom'!$A41&": "&'Repro Decom'!E41&CHAR(10))&IF('Repro Decom'!E42="","",'Repro Decom'!$A42&": "&'Repro Decom'!E42&CHAR(10))&IF('Repro Decom'!E43="","",'Repro Decom'!$A43&": "&'Repro Decom'!E43&CHAR(10))&IF('Repro Decom'!E44="","",'Repro Decom'!$A44&": "&'Repro Decom'!E44&CHAR(10)) | H56: =IF('Repro Decom'!H36="","",'Repro Decom'!$A36&": "&'Repro Decom'!H36&CHAR(10))&IF('Repro Decom'!H37="","",'Repro Decom'!$A37&": "&'Repro Decom'!H37&CHAR(10))&IF('Repro Decom'!H38="","",'Repro Decom'!$A38&": "&'Repro Decom'!H38&CHAR(10))&IF('Repro Decom'!H39="","",'Repro Decom'!$A39&": "&'Repro Decom'!H39&CHAR(10))&IF('Repro Decom'!H40="","",'Repro Decom'!$A40&": "&'Repro Decom'!H40&CHAR(10))&IF('Repro Decom'!H41="","",'Repro Decom'!$A41&": "&'Repro Decom'!H41&CHAR(10))&IF('Repro Decom'!H42="","",'Repro Decom'!$A42&": "&'Repro Decom'!H42&CHAR(10))&IF('Repro Decom'!H43="","",'Repro Decom'!$A43&": "&'Repro Decom'!H43&CHAR(10))&IF('Repro Decom'!H44="","",'Repro Decom'!$A44&": "&'Repro Decom'!H44&CHAR(10)) | K56: =IF('Repro Decom'!K36="","",'Repro Decom'!$A36&": "&'Repro Decom'!K36&CHAR(10))&IF('Repro Decom'!K37="","",'Repro Decom'!$A37&": "&'Repro Decom'!K37&CHAR(10))&IF('Repro Decom'!K38="","",'Repro Decom'!$A38&": "&'Repro Decom'!K38&CHAR(10))&IF('Repro Decom'!K39="","",'Repro Decom'!$A39&": "&'Repro Decom'!K39&CHAR(10))&IF('Repro Decom'!K40="","",'Repro Decom'!$A40&": "&'Repro Decom'!K40&CHAR(10))&IF('Repro Decom'!K41="","",'Repro Decom'!$A41&": "&'Repro Decom'!K41&CHAR(10))&IF('Repro Decom'!K42="","",'Repro Decom'!$A42&": "&'Repro Decom'!K42&CHAR(10))&IF('Repro Decom'!K43="","",'Repro Decom'!$A43&": "&'Repro Decom'!K43&CHAR(10))&IF('Repro Decom'!K44="","",'Repro Decom'!$A44&": "&'Repro Decom'!K44&CHAR(10))
A57: Windscale | B57: =IF(Windscale!B36="","",Windscale!$A36&": "&Windscale!B36&CHAR(10))&IF(Windscale!B37="","",Windscale!$A37&": "&Windscale!B37&CHAR(10))&IF(Windscale!B38="","",Windscale!$A38&": "&Windscale!B38&CHAR(10))&IF(Windscale!B39="","",Windscale!$A39&": "&Windscale!B39&CHAR(10))&IF(Windscale!B40="","",Windscale!$A40&": "&Windscale!B40&CHAR(10))&IF(Windscale!B41="","",Windscale!$A41&": "&Windscale!B41&CHAR(10))&IF(Windscale!B42="","",Windscale!$A42&": "&Windscale!B42&CHAR(10))&IF(Windscale!B43="","",Windscale!$A43&": "&Windscale!B43&CHAR(10))&IF(Windscale!B44="","",Windscale!$A44&": "&Windscale!B44&CHAR(10)) | E57: =IF(Windscale!E36="","",Windscale!$A36&": "&Windscale!E36&CHAR(10))&IF(Windscale!E37="","",Windscale!$A37&": "&Windscale!E37&CHAR(10))&IF(Windscale!E38="","",Windscale!$A38&": "&Windscale!E38&CHAR(10))&IF(Windscale!E39="","",Windscale!$A39&": "&Windscale!E39&CHAR(10))&IF(Windscale!E40="","",Windscale!$A40&": "&Windscale!E40&CHAR(10))&IF(Windscale!E41="","",Windscale!$A41&": "&Windscale!E41&CHAR(10))&IF(Windscale!E42="","",Windscale!$A42&": "&Windscale!E42&CHAR(10))&IF(Windscale!E43="","",Windscale!$A43&": "&Windscale!E43&CHAR(10))&IF(Windscale!E44="","",Windscale!$A44&": "&Windscale!E44&CHAR(10)) | H57: =IF(Windscale!H36="","",Windscale!$A36&": "&Windscale!H36&CHAR(10))&IF(Windscale!H37="","",Windscale!$A37&": "&Windscale!H37&CHAR(10))&IF(Windscale!H38="","",Windscale!$A38&": "&Windscale!H38&CHAR(10))&IF(Windscale!H39="","",Windscale!$A39&": "&Windscale!H39&CHAR(10))&IF(Windscale!H40="","",Windscale!$A40&": "&Windscale!H40&CHAR(10))&IF(Windscale!H41="","",Windscale!$A41&": "&Windscale!H41&CHAR(10))&IF(Windscale!H42="","",Windscale!$A42&": "&Windscale!H42&CHAR(10))&IF(Windscale!H43="","",Windscale!$A43&": "&Windscale!H43&CHAR(10))&IF(Windscale!H44="","",Windscale!$A44&": "&Windscale!H44&CHAR(10)) | K57: =IF(Windscale!K36="","",Windscale!$A36&": "&Windscale!K36&CHAR(10))&IF(Windscale!K37="","",Windscale!$A37&": "&Windscale!K37&CHAR(10))&IF(Windscale!K38="","",Windscale!$A38&": "&Windscale!K38&CHAR(10))&IF(Windscale!K39="","",Windscale!$A39&": "&Windscale!K39&CHAR(10))&IF(Windscale!K40="","",Windscale!$A40&": "&Windscale!K40&CHAR(10))&IF(Windscale!K41="","",Windscale!$A41&": "&Windscale!K41&CHAR(10))&IF(Windscale!K42="","",Windscale!$A42&": "&Windscale!K42&CHAR(10))&IF(Windscale!K43="","",Windscale!$A43&": "&Windscale!K43&CHAR(10))&IF(Windscale!K44="","",Windscale!$A44&": "&Windscale!K44&CHAR(10))
A59: Roll-up data – calculated from the operating unit sheets (do not edit)
A61: ="PowerBI data – current period ("&CurLbl&")" -> PowerBI data – current period (P7)
A62: Operating unit | B62: CRs Sentenced on time | D62: IERs Sentenced on time | F62: Investigations approved on time | H62: LITF Completed | J62: Assurances completed on time | L62: ATLAS Actions completed on time
B63: Done | C63: Total | D63: Done | E63: Total | F63: Done | G63: Total | H63: Done | I63: Total | J63: Done | K63: Total | L63: Done | M63: Total
A64: Alpha | B64: =Alpha!B84 -> 0 | C64: =Alpha!C84 -> 0 | D64: =Alpha!D84 -> 0 | E64: =Alpha!E84 -> 0 | F64: =Alpha!F84 -> 0 | G64: =Alpha!G84 -> 0 | H64: =Alpha!H84 -> 0 | I64: =Alpha!I84 -> 0 | ... M64: =Alpha!M84 -> 0
A65: Calder | B65: =Calder!B84 -> 0 | C65: =Calder!C84 -> 0 | D65: =Calder!D84 -> 0 | E65: =Calder!E84 -> 0 | F65: =Calder!F84 -> 0 | G65: =Calder!G84 -> 0 | H65: =Calder!H84 -> 0 | I65: =Calder!I84 -> 0 | ... M65: =Calder!M84 -> 0
A66: Repro Decom | B66: ='Repro Decom'!B84 -> 0 | C66: ='Repro Decom'!C84 -> 0 | D66: ='Repro Decom'!D84 -> 0 | E66: ='Repro Decom'!E84 -> 0 | F66: ='Repro Decom'!F84 -> 0 | G66: ='Repro Decom'!G84 -> 0 | H66: ='Repro Decom'!H84 -> 0 | I66: ='Repro Decom'!I84 -> 0 | ... M66: ='Repro Decom'!M84 -> 0
A67: Windscale | B67: =Windscale!B84 -> 0 | C67: =Windscale!C84 -> 0 | D67: =Windscale!D84 -> 0 | E67: =Windscale!E84 -> 0 | F67: =Windscale!F84 -> 0 | G67: =Windscale!G84 -> 0 | H67: =Windscale!H84 -> 0 | I67: =Windscale!I84 -> 0 | ... M67: =Windscale!M84 -> 0
A68: Decommissioning total | B68: =SUM(B64:B67) -> 0 | C68: =SUM(C64:C67) -> 0 | D68: =SUM(D64:D67) -> 0 | E68: =SUM(E64:E67) -> 0 | F68: =SUM(F64:F67) -> 0 | G68: =SUM(G64:G67) -> 0 | H68: =SUM(H64:H67) -> 0 | I68: =SUM(I64:I67) -> 0 | ... M68: =SUM(M64:M67) -> 0
A70: ="PowerBI data – previous period ("&PrevLbl&")" -> PowerBI data – previous period (P6)
A71: Operating unit | B71: CRs Sentenced on time | D71: IERs Sentenced on time | F71: Investigations approved on time | H71: LITF Completed | J71: Assurances completed on time | L71: ATLAS Actions completed on time
B72: Done | C72: Total | D72: Done | E72: Total | F72: Done | G72: Total | H72: Done | I72: Total | J72: Done | K72: Total | L72: Done | M72: Total
A73: Alpha | B73: =Alpha!B97 -> 0 | C73: =Alpha!C97 -> 0 | D73: =Alpha!D97 -> 0 | E73: =Alpha!E97 -> 0 | F73: =Alpha!F97 -> 0 | G73: =Alpha!G97 -> 0 | H73: =Alpha!H97 -> 0 | I73: =Alpha!I97 -> 0 | ... M73: =Alpha!M97 -> 0
A74: Calder | B74: =Calder!B97 -> 0 | C74: =Calder!C97 -> 0 | D74: =Calder!D97 -> 0 | E74: =Calder!E97 -> 0 | F74: =Calder!F97 -> 0 | G74: =Calder!G97 -> 0 | H74: =Calder!H97 -> 0 | I74: =Calder!I97 -> 0 | ... M74: =Calder!M97 -> 0
A75: Repro Decom | B75: ='Repro Decom'!B97 -> 0 | C75: ='Repro Decom'!C97 -> 0 | D75: ='Repro Decom'!D97 -> 0 | E75: ='Repro Decom'!E97 -> 0 | F75: ='Repro Decom'!F97 -> 0 | G75: ='Repro Decom'!G97 -> 0 | H75: ='Repro Decom'!H97 -> 0 | I75: ='Repro Decom'!I97 -> 0 | ... M75: ='Repro Decom'!M97 -> 0
A76: Windscale | B76: =Windscale!B97 -> 0 | C76: =Windscale!C97 -> 0 | D76: =Windscale!D97 -> 0 | E76: =Windscale!E97 -> 0 | F76: =Windscale!F97 -> 0 | G76: =Windscale!G97 -> 0 | H76: =Windscale!H97 -> 0 | I76: =Windscale!I97 -> 0 | ... M76: =Windscale!M97 -> 0
A77: Decommissioning total | B77: =SUM(B73:B76) -> 0 | C77: =SUM(C73:C76) -> 0 | D77: =SUM(D73:D76) -> 0 | E77: =SUM(E73:E76) -> 0 | F77: =SUM(F73:F76) -> 0 | G77: =SUM(G73:G76) -> 0 | H77: =SUM(H73:H76) -> 0 | I77: =SUM(I73:I76) -> 0 | ... M77: =SUM(M73:M76) -> 0
A79: ="Quality Performance – current period ("&CurLbl&")" -> Quality Performance – current period (P7)
A80: Operating unit | B80: Non-Conformances (live NCRs) | D80: Engineering Queries | F80: Inspection Performance | H80: Lifetime Records
B81: Live NCRs | D81: Done | E81: Total | F81: Done | G81: Total | H81: Done | I81: Total
A82: Alpha | B82: =Alpha!B110 | D82: =Alpha!D110 -> 0 | E82: =Alpha!E110 -> 0 | F82: =Alpha!F110 -> 0 | G82: =Alpha!G110 -> 0 | H82: =Alpha!H110 -> 0 | I82: =Alpha!I110 -> 0
A83: Calder | B83: =Calder!B110 | D83: =Calder!D110 -> 0 | E83: =Calder!E110 -> 0 | F83: =Calder!F110 -> 0 | G83: =Calder!G110 -> 0 | H83: =Calder!H110 -> 0 | I83: =Calder!I110 -> 0
A84: Repro Decom | B84: ='Repro Decom'!B110 | D84: ='Repro Decom'!D110 -> 0 | E84: ='Repro Decom'!E110 -> 0 | F84: ='Repro Decom'!F110 -> 0 | G84: ='Repro Decom'!G110 -> 0 | H84: ='Repro Decom'!H110 -> 0 | I84: ='Repro Decom'!I110 -> 0
A85: Windscale | B85: =Windscale!B110 | D85: =Windscale!D110 -> 0 | E85: =Windscale!E110 -> 0 | F85: =Windscale!F110 -> 0 | G85: =Windscale!G110 -> 0 | H85: =Windscale!H110 -> 0 | I85: =Windscale!I110 -> 0
A86: Decommissioning total | B86: =IF(COUNT(B82:B85)=0,"",SUM(B82:B85)) | D86: =SUM(D82:D85) -> 0 | E86: =SUM(E82:E85) -> 0 | F86: =SUM(F82:F85) -> 0 | G86: =SUM(G82:G85) -> 0 | H86: =SUM(H82:H85) -> 0 | I86: =SUM(I82:I85) -> 0

Sheet Alpha
A2: Alpha Quality Health Dashboard | I2: =PeriodText -> Period 7 – 23/10/2026
J3: =HYPERLINK("#'Alpha'!A70","Go to project data entry ▼") -> Go to project data entry ▼
A4: PowerBI Data | J4: RAG | K4: =">"&TEXT(PBI_G,"0%") -> >90% | L4: =TEXT(PBI_R,"0%")&" – "&TEXT(PBI_G,"0%") -> 75% – 90% | M4: ="<"&TEXT(PBI_R,"0%") -> <75%
B5: CRs Sentenced on time | D5: IERs Sentenced on time | F5: Investigations approved on time | H5: LITF Completed | J5: Assurances completed on time | L5: ATLAS Actions completed on time
A6: =PrevLbl&" (previous)" -> P6 (previous) | B6: =IF(N(C97)=0,"N/A",N(B97)/C97) -> N/A | D6: =IF(N(E97)=0,"N/A",N(D97)/E97) -> N/A | F6: =IF(N(G97)=0,"N/A",N(F97)/G97) -> N/A | H6: =IF(N(I97)=0,"N/A",N(H97)/I97) -> N/A | J6: =IF(N(K97)=0,"N/A",N(J97)/K97) -> N/A | L6: =IF(N(M97)=0,"N/A",N(L97)/M97) -> N/A
B7: =IF(N(C97)=0,"",N(B97)&"/"&C97) | D7: =IF(N(E97)=0,"",N(D97)&"/"&E97) | F7: =IF(N(G97)=0,"",N(F97)&"/"&G97) | H7: =IF(N(I97)=0,"",N(H97)&"/"&I97) | J7: =IF(N(K97)=0,"",N(J97)&"/"&K97) | L7: =IF(N(M97)=0,"",N(L97)&"/"&M97)
B8: =IF(NOT(ISNUMBER(B6)),"N/A",IF(B6>PBI_G,"Green",IF(B6<PBI_R,"Red","Amber"))) -> N/A | D8: =IF(NOT(ISNUMBER(D6)),"N/A",IF(D6>PBI_G,"Green",IF(D6<PBI_R,"Red","Amber"))) -> N/A | F8: =IF(NOT(ISNUMBER(F6)),"N/A",IF(F6>PBI_G,"Green",IF(F6<PBI_R,"Red","Amber"))) -> N/A | H8: =IF(NOT(ISNUMBER(H6)),"N/A",IF(H6>PBI_G,"Green",IF(H6<PBI_R,"Red","Amber"))) -> N/A | J8: =IF(NOT(ISNUMBER(J6)),"N/A",IF(J6>PBI_G,"Green",IF(J6<PBI_R,"Red","Amber"))) -> N/A | L8: =IF(NOT(ISNUMBER(L6)),"N/A",IF(L6>PBI_G,"Green",IF(L6<PBI_R,"Red","Amber"))) -> N/A
A10: =CurLbl&" (current)" -> P7 (current) | B10: =IF(N(C84)=0,"N/A",N(B84)/C84) -> N/A | D10: =IF(N(E84)=0,"N/A",N(D84)/E84) -> N/A | F10: =IF(N(G84)=0,"N/A",N(F84)/G84) -> N/A | H10: =IF(N(I84)=0,"N/A",N(H84)/I84) -> N/A | J10: =IF(N(K84)=0,"N/A",N(J84)/K84) -> N/A | L10: =IF(N(M84)=0,"N/A",N(L84)/M84) -> N/A
B11: =IF(N(C84)=0,"",N(B84)&"/"&C84) | D11: =IF(N(E84)=0,"",N(D84)&"/"&E84) | F11: =IF(N(G84)=0,"",N(F84)&"/"&G84) | H11: =IF(N(I84)=0,"",N(H84)&"/"&I84) | J11: =IF(N(K84)=0,"",N(J84)&"/"&K84) | L11: =IF(N(M84)=0,"",N(L84)&"/"&M84)
B12: =IF(NOT(ISNUMBER(B10)),"N/A",IF(B10>PBI_G,"Green",IF(B10<PBI_R,"Red","Amber"))) -> N/A | D12: =IF(NOT(ISNUMBER(D10)),"N/A",IF(D10>PBI_G,"Green",IF(D10<PBI_R,"Red","Amber"))) -> N/A | F12: =IF(NOT(ISNUMBER(F10)),"N/A",IF(F10>PBI_G,"Green",IF(F10<PBI_R,"Red","Amber"))) -> N/A | H12: =IF(NOT(ISNUMBER(H10)),"N/A",IF(H10>PBI_G,"Green",IF(H10<PBI_R,"Red","Amber"))) -> N/A | J12: =IF(NOT(ISNUMBER(J10)),"N/A",IF(J10>PBI_G,"Green",IF(J10<PBI_R,"Red","Amber"))) -> N/A | L12: =IF(NOT(ISNUMBER(L10)),"N/A",IF(L10>PBI_G,"Green",IF(L10<PBI_R,"Red","Amber"))) -> N/A
A13: Change | B13: =IF(OR(NOT(ISNUMBER(B6)),NOT(ISNUMBER(B10))),"–",IF(ROUND(B10-B6,4)>0,"▲ ",IF(ROUND(B10-B6,4)<0,"▼ ","► "))&TEXT(ABS(B10-B6)*100,"0.0")&" pts vs "&PrevLbl) -> – | D13: =IF(OR(NOT(ISNUMBER(D6)),NOT(ISNUMBER(D10))),"–",IF(ROUND(D10-D6,4)>0,"▲ ",IF(ROUND(D10-D6,4)<0,"▼ ","► "))&TEXT(ABS(D10-D6)*100,"0.0")&" pts vs "&PrevLbl) -> – | F13: =IF(OR(NOT(ISNUMBER(F6)),NOT(ISNUMBER(F10))),"–",IF(ROUND(F10-F6,4)>0,"▲ ",IF(ROUND(F10-F6,4)<0,"▼ ","► "))&TEXT(ABS(F10-F6)*100,"0.0")&" pts vs "&PrevLbl) -> – | H13: =IF(OR(NOT(ISNUMBER(H6)),NOT(ISNUMBER(H10))),"–",IF(ROUND(H10-H6,4)>0,"▲ ",IF(ROUND(H10-H6,4)<0,"▼ ","► "))&TEXT(ABS(H10-H6)*100,"0.0")&" pts vs "&PrevLbl) -> – | J13: =IF(OR(NOT(ISNUMBER(J6)),NOT(ISNUMBER(J10))),"–",IF(ROUND(J10-J6,4)>0,"▲ ",IF(ROUND(J10-J6,4)<0,"▼ ","► "))&TEXT(ABS(J10-J6)*100,"0.0")&" pts vs "&PrevLbl) -> – | L13: =IF(OR(NOT(ISNUMBER(L6)),NOT(ISNUMBER(L10))),"–",IF(ROUND(L10-L6,4)>0,"▲ ",IF(ROUND(L10-L6,4)<0,"▼ ","► "))&TEXT(ABS(L10-L6)*100,"0.0")&" pts vs "&PrevLbl) -> –
A15: Quality Performance
B16: Non-Conformances (live NCRs) | D16: Engineering Queries | F16: Inspection Performance | H16: Lifetime Records | J16: Escalations
B17: ="Green ≤"&NCR_G&" · Amber "&(NCR_G+1)&"–"&(NCR_R-1)&" · Red ≥"&NCR_R -> Green ≤2 · Amber 3–5 · Red ≥6 | D17: ="Green >"&TEXT(EQ_G,"0%")&" · Amber "&TEXT(EQ_R,"0%")&"–"&TEXT(EQ_G,"0%")&" · Red <"&TEXT(EQ_R,"0%") -> Green >80% · Amber 70%–80% · Red <70% | F17: ="Green >"&TEXT(INSP_G,"0%")&" · Amber "&TEXT(INSP_R,"0%")&"–"&TEXT(INSP_G,"0%")&" · Red <"&TEXT(INSP_R,"0%") -> Green >95% · Amber 90%–95% · Red <90% | H17: ="Green >"&TEXT(LTR_G,"0%")&" · Amber "&TEXT(LTR_R,"0%")&"–"&TEXT(LTR_G,"0%")&" · Red <"&TEXT(LTR_R,"0%") -> Green >95% · Amber 70%–95% · Red <70%
A18: =CurLbl&" (current)" -> P7 (current) | B18: =IF(ISNUMBER(B110),B110,"N/A") -> N/A | D18: =IF(N(E110)=0,"N/A",N(D110)/E110) -> N/A | F18: =IF(N(G110)=0,"N/A",N(F110)/G110) -> N/A | H18: =IF(N(I110)=0,"N/A",N(H110)/I110) -> N/A
B19: =IF(ISNUMBER(B110),"live NCRs","") | D19: =IF(N(E110)=0,"",N(D110)&"/"&E110) | F19: =IF(N(G110)=0,"",N(F110)&"/"&G110) | H19: =IF(N(I110)=0,"",N(H110)&"/"&I110)
B20: =IF(NOT(ISNUMBER(B18)),"N/A",IF(B18<=NCR_G,"Green",IF(B18>=NCR_R,"Red","Amber"))) -> N/A | D20: =IF(NOT(ISNUMBER(D18)),"N/A",IF(D18>EQ_G,"Green",IF(D18<EQ_R,"Red","Amber"))) -> N/A | F20: =IF(NOT(ISNUMBER(F18)),"N/A",IF(F18>INSP_G,"Green",IF(F18<INSP_R,"Red","Amber"))) -> N/A | H20: =IF(NOT(ISNUMBER(H18)),"N/A",IF(H18>LTR_G,"Green",IF(H18<LTR_R,"Red","Amber"))) -> N/A
A22: Quality Performance commentary by project
A23: Project | B23: Non-Conformances | D23: Engineering Queries | F23: Inspection Performance | H23: Lifetime Records
A24: Alpha (general)
A25: =IF($A$76="","",$A$76) -> B203
A26: =IF($A$77="","",$A$77) -> B277
A27: =IF($A$78="","",$A$78) -> B242
A28: =IF($A$79="","",$A$79) -> B33
A29: =IF($A$80="","",$A$80) -> B229
A30: =IF($A$81="","",$A$81) -> NGC
A31: =IF($A$82="","",$A$82)
A32: =IF($A$83="","",$A$83)
A34: SOFT – Successes, Opportunities, Failures, Threats
A35: Area | B35: Success | E35: Opportunities | H35: Failures | K35: Threats
A36: Alpha Decom Ops
A37: =IF($A$76="","",$A$76) -> B203
A38: =IF($A$77="","",$A$77) -> B277
A39: =IF($A$78="","",$A$78) -> B242
A40: =IF($A$79="","",$A$79) -> B33
A41: =IF($A$80="","",$A$80) -> B229
A42: =IF($A$81="","",$A$81) -> NGC
A43: =IF($A$82="","",$A$82)
A44: =IF($A$83="","",$A$83)
A46: ="Project performance – current period ("&CurLbl&") – calculated" -> Project performance – current period (P7) – calculated
A47: PowerBI data
A48: Project | B48: CRs Sentenced on time | D48: IERs Sentenced on time | F48: Investigations approved on time | H48: LITF Completed | J48: Assurances completed on time | L48: ATLAS Actions completed on time
A49: =IF($A$76="","",$A$76) -> B203 | B49: =IF($A49="","",IF(N(C76)=0,"N/A",N(B76)/C76)) -> N/A | C49: =IF(OR($A49="",N(C76)=0),"",N(B76)&"/"&C76) | D49: =IF($A49="","",IF(N(E76)=0,"N/A",N(D76)/E76)) -> N/A | E49: =IF(OR($A49="",N(E76)=0),"",N(D76)&"/"&E76) | F49: =IF($A49="","",IF(N(G76)=0,"N/A",N(F76)/G76)) -> N/A | G49: =IF(OR($A49="",N(G76)=0),"",N(F76)&"/"&G76) | H49: =IF($A49="","",IF(N(I76)=0,"N/A",N(H76)/I76)) -> N/A | I49: =IF(OR($A49="",N(I76)=0),"",N(H76)&"/"&I76) | J49: =IF($A49="","",IF(N(K76)=0,"N/A",N(J76)/K76)) -> N/A | K49: =IF(OR($A49="",N(K76)=0),"",N(J76)&"/"&K76) | L49: =IF($A49="","",IF(N(M76)=0,"N/A",N(L76)/M76)) -> N/A | M49: =IF(OR($A49="",N(M76)=0),"",N(L76)&"/"&M76)
A50: =IF($A$77="","",$A$77) -> B277 | B50: =IF($A50="","",IF(N(C77)=0,"N/A",N(B77)/C77)) -> N/A | C50: =IF(OR($A50="",N(C77)=0),"",N(B77)&"/"&C77) | D50: =IF($A50="","",IF(N(E77)=0,"N/A",N(D77)/E77)) -> N/A | E50: =IF(OR($A50="",N(E77)=0),"",N(D77)&"/"&E77) | F50: =IF($A50="","",IF(N(G77)=0,"N/A",N(F77)/G77)) -> N/A | G50: =IF(OR($A50="",N(G77)=0),"",N(F77)&"/"&G77) | H50: =IF($A50="","",IF(N(I77)=0,"N/A",N(H77)/I77)) -> N/A | I50: =IF(OR($A50="",N(I77)=0),"",N(H77)&"/"&I77) | J50: =IF($A50="","",IF(N(K77)=0,"N/A",N(J77)/K77)) -> N/A | K50: =IF(OR($A50="",N(K77)=0),"",N(J77)&"/"&K77) | L50: =IF($A50="","",IF(N(M77)=0,"N/A",N(L77)/M77)) -> N/A | M50: =IF(OR($A50="",N(M77)=0),"",N(L77)&"/"&M77)
A51: =IF($A$78="","",$A$78) -> B242 | B51: =IF($A51="","",IF(N(C78)=0,"N/A",N(B78)/C78)) -> N/A | C51: =IF(OR($A51="",N(C78)=0),"",N(B78)&"/"&C78) | D51: =IF($A51="","",IF(N(E78)=0,"N/A",N(D78)/E78)) -> N/A | E51: =IF(OR($A51="",N(E78)=0),"",N(D78)&"/"&E78) | F51: =IF($A51="","",IF(N(G78)=0,"N/A",N(F78)/G78)) -> N/A | G51: =IF(OR($A51="",N(G78)=0),"",N(F78)&"/"&G78) | H51: =IF($A51="","",IF(N(I78)=0,"N/A",N(H78)/I78)) -> N/A | I51: =IF(OR($A51="",N(I78)=0),"",N(H78)&"/"&I78) | J51: =IF($A51="","",IF(N(K78)=0,"N/A",N(J78)/K78)) -> N/A | K51: =IF(OR($A51="",N(K78)=0),"",N(J78)&"/"&K78) | L51: =IF($A51="","",IF(N(M78)=0,"N/A",N(L78)/M78)) -> N/A | M51: =IF(OR($A51="",N(M78)=0),"",N(L78)&"/"&M78)
A52: =IF($A$79="","",$A$79) -> B33 | B52: =IF($A52="","",IF(N(C79)=0,"N/A",N(B79)/C79)) -> N/A | C52: =IF(OR($A52="",N(C79)=0),"",N(B79)&"/"&C79) | D52: =IF($A52="","",IF(N(E79)=0,"N/A",N(D79)/E79)) -> N/A | E52: =IF(OR($A52="",N(E79)=0),"",N(D79)&"/"&E79) | F52: =IF($A52="","",IF(N(G79)=0,"N/A",N(F79)/G79)) -> N/A | G52: =IF(OR($A52="",N(G79)=0),"",N(F79)&"/"&G79) | H52: =IF($A52="","",IF(N(I79)=0,"N/A",N(H79)/I79)) -> N/A | I52: =IF(OR($A52="",N(I79)=0),"",N(H79)&"/"&I79) | J52: =IF($A52="","",IF(N(K79)=0,"N/A",N(J79)/K79)) -> N/A | K52: =IF(OR($A52="",N(K79)=0),"",N(J79)&"/"&K79) | L52: =IF($A52="","",IF(N(M79)=0,"N/A",N(L79)/M79)) -> N/A | M52: =IF(OR($A52="",N(M79)=0),"",N(L79)&"/"&M79)
A53: =IF($A$80="","",$A$80) -> B229 | B53: =IF($A53="","",IF(N(C80)=0,"N/A",N(B80)/C80)) -> N/A | C53: =IF(OR($A53="",N(C80)=0),"",N(B80)&"/"&C80) | D53: =IF($A53="","",IF(N(E80)=0,"N/A",N(D80)/E80)) -> N/A | E53: =IF(OR($A53="",N(E80)=0),"",N(D80)&"/"&E80) | F53: =IF($A53="","",IF(N(G80)=0,"N/A",N(F80)/G80)) -> N/A | G53: =IF(OR($A53="",N(G80)=0),"",N(F80)&"/"&G80) | H53: =IF($A53="","",IF(N(I80)=0,"N/A",N(H80)/I80)) -> N/A | I53: =IF(OR($A53="",N(I80)=0),"",N(H80)&"/"&I80) | J53: =IF($A53="","",IF(N(K80)=0,"N/A",N(J80)/K80)) -> N/A | K53: =IF(OR($A53="",N(K80)=0),"",N(J80)&"/"&K80) | L53: =IF($A53="","",IF(N(M80)=0,"N/A",N(L80)/M80)) -> N/A | M53: =IF(OR($A53="",N(M80)=0),"",N(L80)&"/"&M80)
A54: =IF($A$81="","",$A$81) -> NGC | B54: =IF($A54="","",IF(N(C81)=0,"N/A",N(B81)/C81)) -> N/A | C54: =IF(OR($A54="",N(C81)=0),"",N(B81)&"/"&C81) | D54: =IF($A54="","",IF(N(E81)=0,"N/A",N(D81)/E81)) -> N/A | E54: =IF(OR($A54="",N(E81)=0),"",N(D81)&"/"&E81) | F54: =IF($A54="","",IF(N(G81)=0,"N/A",N(F81)/G81)) -> N/A | G54: =IF(OR($A54="",N(G81)=0),"",N(F81)&"/"&G81) | H54: =IF($A54="","",IF(N(I81)=0,"N/A",N(H81)/I81)) -> N/A | I54: =IF(OR($A54="",N(I81)=0),"",N(H81)&"/"&I81) | J54: =IF($A54="","",IF(N(K81)=0,"N/A",N(J81)/K81)) -> N/A | K54: =IF(OR($A54="",N(K81)=0),"",N(J81)&"/"&K81) | L54: =IF($A54="","",IF(N(M81)=0,"N/A",N(L81)/M81)) -> N/A | M54: =IF(OR($A54="",N(M81)=0),"",N(L81)&"/"&M81)
A55: =IF($A$82="","",$A$82) | B55: =IF($A55="","",IF(N(C82)=0,"N/A",N(B82)/C82)) | C55: =IF(OR($A55="",N(C82)=0),"",N(B82)&"/"&C82) | D55: =IF($A55="","",IF(N(E82)=0,"N/A",N(D82)/E82)) | E55: =IF(OR($A55="",N(E82)=0),"",N(D82)&"/"&E82) | F55: =IF($A55="","",IF(N(G82)=0,"N/A",N(F82)/G82)) | G55: =IF(OR($A55="",N(G82)=0),"",N(F82)&"/"&G82) | H55: =IF($A55="","",IF(N(I82)=0,"N/A",N(H82)/I82)) | I55: =IF(OR($A55="",N(I82)=0),"",N(H82)&"/"&I82) | J55: =IF($A55="","",IF(N(K82)=0,"N/A",N(J82)/K82)) | K55: =IF(OR($A55="",N(K82)=0),"",N(J82)&"/"&K82) | L55: =IF($A55="","",IF(N(M82)=0,"N/A",N(L82)/M82)) | M55: =IF(OR($A55="",N(M82)=0),"",N(L82)&"/"&M82)
A56: =IF($A$83="","",$A$83) | B56: =IF($A56="","",IF(N(C83)=0,"N/A",N(B83)/C83)) | C56: =IF(OR($A56="",N(C83)=0),"",N(B83)&"/"&C83) | D56: =IF($A56="","",IF(N(E83)=0,"N/A",N(D83)/E83)) | E56: =IF(OR($A56="",N(E83)=0),"",N(D83)&"/"&E83) | F56: =IF($A56="","",IF(N(G83)=0,"N/A",N(F83)/G83)) | G56: =IF(OR($A56="",N(G83)=0),"",N(F83)&"/"&G83) | H56: =IF($A56="","",IF(N(I83)=0,"N/A",N(H83)/I83)) | I56: =IF(OR($A56="",N(I83)=0),"",N(H83)&"/"&I83) | J56: =IF($A56="","",IF(N(K83)=0,"N/A",N(J83)/K83)) | K56: =IF(OR($A56="",N(K83)=0),"",N(J83)&"/"&K83) | L56: =IF($A56="","",IF(N(M83)=0,"N/A",N(L83)/M83)) | M56: =IF(OR($A56="",N(M83)=0),"",N(L83)&"/"&M83)
A57: Alpha total | B57: =IF($A57="","",IF(N(C84)=0,"N/A",N(B84)/C84)) -> N/A | C57: =IF(OR($A57="",N(C84)=0),"",N(B84)&"/"&C84) | D57: =IF($A57="","",IF(N(E84)=0,"N/A",N(D84)/E84)) -> N/A | E57: =IF(OR($A57="",N(E84)=0),"",N(D84)&"/"&E84) | F57: =IF($A57="","",IF(N(G84)=0,"N/A",N(F84)/G84)) -> N/A | G57: =IF(OR($A57="",N(G84)=0),"",N(F84)&"/"&G84) | H57: =IF($A57="","",IF(N(I84)=0,"N/A",N(H84)/I84)) -> N/A | I57: =IF(OR($A57="",N(I84)=0),"",N(H84)&"/"&I84) | J57: =IF($A57="","",IF(N(K84)=0,"N/A",N(J84)/K84)) -> N/A | K57: =IF(OR($A57="",N(K84)=0),"",N(J84)&"/"&K84) | L57: =IF($A57="","",IF(N(M84)=0,"N/A",N(L84)/M84)) -> N/A | M57: =IF(OR($A57="",N(M84)=0),"",N(L84)&"/"&M84)
A58: Quality Performance
A59: Project | B59: Non-Conformances (live NCRs) | D59: Engineering Queries | F59: Inspection Performance | H59: Lifetime Records
A60: =IF($A$76="","",$A$76) -> B203 | B60: =IF($A60="","",IF(ISNUMBER(B102),B102,"N/A")) -> N/A | D60: =IF($A60="","",IF(N(E102)=0,"N/A",N(D102)/E102)) -> N/A | E60: =IF(OR($A60="",N(E102)=0),"",N(D102)&"/"&E102) | F60: =IF($A60="","",IF(N(G102)=0,"N/A",N(F102)/G102)) -> N/A | G60: =IF(OR($A60="",N(G102)=0),"",N(F102)&"/"&G102) | H60: =IF($A60="","",IF(N(I102)=0,"N/A",N(H102)/I102)) -> N/A | I60: =IF(OR($A60="",N(I102)=0),"",N(H102)&"/"&I102)
A61: =IF($A$77="","",$A$77) -> B277 | B61: =IF($A61="","",IF(ISNUMBER(B103),B103,"N/A")) -> N/A | D61: =IF($A61="","",IF(N(E103)=0,"N/A",N(D103)/E103)) -> N/A | E61: =IF(OR($A61="",N(E103)=0),"",N(D103)&"/"&E103) | F61: =IF($A61="","",IF(N(G103)=0,"N/A",N(F103)/G103)) -> N/A | G61: =IF(OR($A61="",N(G103)=0),"",N(F103)&"/"&G103) | H61: =IF($A61="","",IF(N(I103)=0,"N/A",N(H103)/I103)) -> N/A | I61: =IF(OR($A61="",N(I103)=0),"",N(H103)&"/"&I103)
A62: =IF($A$78="","",$A$78) -> B242 | B62: =IF($A62="","",IF(ISNUMBER(B104),B104,"N/A")) -> N/A | D62: =IF($A62="","",IF(N(E104)=0,"N/A",N(D104)/E104)) -> N/A | E62: =IF(OR($A62="",N(E104)=0),"",N(D104)&"/"&E104) | F62: =IF($A62="","",IF(N(G104)=0,"N/A",N(F104)/G104)) -> N/A | G62: =IF(OR($A62="",N(G104)=0),"",N(F104)&"/"&G104) | H62: =IF($A62="","",IF(N(I104)=0,"N/A",N(H104)/I104)) -> N/A | I62: =IF(OR($A62="",N(I104)=0),"",N(H104)&"/"&I104)
A63: =IF($A$79="","",$A$79) -> B33 | B63: =IF($A63="","",IF(ISNUMBER(B105),B105,"N/A")) -> N/A | D63: =IF($A63="","",IF(N(E105)=0,"N/A",N(D105)/E105)) -> N/A | E63: =IF(OR($A63="",N(E105)=0),"",N(D105)&"/"&E105) | F63: =IF($A63="","",IF(N(G105)=0,"N/A",N(F105)/G105)) -> N/A | G63: =IF(OR($A63="",N(G105)=0),"",N(F105)&"/"&G105) | H63: =IF($A63="","",IF(N(I105)=0,"N/A",N(H105)/I105)) -> N/A | I63: =IF(OR($A63="",N(I105)=0),"",N(H105)&"/"&I105)
A64: =IF($A$80="","",$A$80) -> B229 | B64: =IF($A64="","",IF(ISNUMBER(B106),B106,"N/A")) -> N/A | D64: =IF($A64="","",IF(N(E106)=0,"N/A",N(D106)/E106)) -> N/A | E64: =IF(OR($A64="",N(E106)=0),"",N(D106)&"/"&E106) | F64: =IF($A64="","",IF(N(G106)=0,"N/A",N(F106)/G106)) -> N/A | G64: =IF(OR($A64="",N(G106)=0),"",N(F106)&"/"&G106) | H64: =IF($A64="","",IF(N(I106)=0,"N/A",N(H106)/I106)) -> N/A | I64: =IF(OR($A64="",N(I106)=0),"",N(H106)&"/"&I106)
A65: =IF($A$81="","",$A$81) -> NGC | B65: =IF($A65="","",IF(ISNUMBER(B107),B107,"N/A")) -> N/A | D65: =IF($A65="","",IF(N(E107)=0,"N/A",N(D107)/E107)) -> N/A | E65: =IF(OR($A65="",N(E107)=0),"",N(D107)&"/"&E107) | F65: =IF($A65="","",IF(N(G107)=0,"N/A",N(F107)/G107)) -> N/A | G65: =IF(OR($A65="",N(G107)=0),"",N(F107)&"/"&G107) | H65: =IF($A65="","",IF(N(I107)=0,"N/A",N(H107)/I107)) -> N/A | I65: =IF(OR($A65="",N(I107)=0),"",N(H107)&"/"&I107)
A66: =IF($A$82="","",$A$82) | B66: =IF($A66="","",IF(ISNUMBER(B108),B108,"N/A")) | D66: =IF($A66="","",IF(N(E108)=0,"N/A",N(D108)/E108)) | E66: =IF(OR($A66="",N(E108)=0),"",N(D108)&"/"&E108) | F66: =IF($A66="","",IF(N(G108)=0,"N/A",N(F108)/G108)) | G66: =IF(OR($A66="",N(G108)=0),"",N(F108)&"/"&G108) | H66: =IF($A66="","",IF(N(I108)=0,"N/A",N(H108)/I108)) | I66: =IF(OR($A66="",N(I108)=0),"",N(H108)&"/"&I108)
A67: =IF($A$83="","",$A$83) | B67: =IF($A67="","",IF(ISNUMBER(B109),B109,"N/A")) | D67: =IF($A67="","",IF(N(E109)=0,"N/A",N(D109)/E109)) | E67: =IF(OR($A67="",N(E109)=0),"",N(D109)&"/"&E109) | F67: =IF($A67="","",IF(N(G109)=0,"N/A",N(F109)/G109)) | G67: =IF(OR($A67="",N(G109)=0),"",N(F109)&"/"&G109) | H67: =IF($A67="","",IF(N(I109)=0,"N/A",N(H109)/I109)) | I67: =IF(OR($A67="",N(I109)=0),"",N(H109)&"/"&I109)
A68: Alpha total | B68: =IF($A68="","",IF(ISNUMBER(B110),B110,"N/A")) -> N/A | D68: =IF($A68="","",IF(N(E110)=0,"N/A",N(D110)/E110)) -> N/A | E68: =IF(OR($A68="",N(E110)=0),"",N(D110)&"/"&E110) | F68: =IF($A68="","",IF(N(G110)=0,"N/A",N(F110)/G110)) -> N/A | G68: =IF(OR($A68="",N(G110)=0),"",N(F110)&"/"&G110) | H68: =IF($A68="","",IF(N(I110)=0,"N/A",N(H110)/I110)) -> N/A | I68: =IF(OR($A68="",N(I110)=0),"",N(H110)&"/"&I110)
A70: Project data entry
A71: Enter, for each project, the number completed on time (Done) and the number due (Total). Project names typed in the first table flow through the whole sheet. Done greater than Total turns red.
A73: ="PowerBI data – current period ("&CurLbl&")" -> PowerBI data – current period (P7)
A74: Project | B74: CRs Sentenced on time | D74: IERs Sentenced on time | F74: Investigations approved on time | H74: LITF Completed | J74: Assurances completed on time | L74: ATLAS Actions completed on time
B75: Done | C75: Total | D75: Done | E75: Total | F75: Done | G75: Total | H75: Done | I75: Total | J75: Done | K75: Total | L75: Done | M75: Total
A76: B203
A77: B277
A78: B242
A79: B33
A80: B229
A81: NGC
A84: Alpha total | B84: =SUM(B76:B83) -> 0 | C84: =SUM(C76:C83) -> 0 | D84: =SUM(D76:D83) -> 0 | E84: =SUM(E76:E83) -> 0 | F84: =SUM(F76:F83) -> 0 | G84: =SUM(G76:G83) -> 0 | H84: =SUM(H76:H83) -> 0 | I84: =SUM(I76:I83) -> 0 | ... M84: =SUM(M76:M83) -> 0
A86: ="PowerBI data – previous period ("&PrevLbl&")" -> PowerBI data – previous period (P6)
A87: Project | B87: CRs Sentenced on time | D87: IERs Sentenced on time | F87: Investigations approved on time | H87: LITF Completed | J87: Assurances completed on time | L87: ATLAS Actions completed on time
B88: Done | C88: Total | D88: Done | E88: Total | F88: Done | G88: Total | H88: Done | I88: Total | J88: Done | K88: Total | L88: Done | M88: Total
A89: =IF($A$76="","",$A$76) -> B203
A90: =IF($A$77="","",$A$77) -> B277
A91: =IF($A$78="","",$A$78) -> B242
A92: =IF($A$79="","",$A$79) -> B33
A93: =IF($A$80="","",$A$80) -> B229
A94: =IF($A$81="","",$A$81) -> NGC
A95: =IF($A$82="","",$A$82)
A96: =IF($A$83="","",$A$83)
A97: Alpha total | B97: =SUM(B89:B96) -> 0 | C97: =SUM(C89:C96) -> 0 | D97: =SUM(D89:D96) -> 0 | E97: =SUM(E89:E96) -> 0 | F97: =SUM(F89:F96) -> 0 | G97: =SUM(G89:G96) -> 0 | H97: =SUM(H89:H96) -> 0 | I97: =SUM(I89:I96) -> 0 | ... M97: =SUM(M89:M96) -> 0
A99: ="Quality Performance – current period ("&CurLbl&")" -> Quality Performance – current period (P7)
A100: Project | B100: Non-Conformances (live NCRs) | D100: Engineering Queries | F100: Inspection Performance | H100: Lifetime Records
B101: Live NCRs | D101: Done | E101: Total | F101: Done | G101: Total | H101: Done | I101: Total
A102: =IF($A$76="","",$A$76) -> B203
A103: =IF($A$77="","",$A$77) -> B277
A104: =IF($A$78="","",$A$78) -> B242
A105: =IF($A$79="","",$A$79) -> B33
A106: =IF($A$80="","",$A$80) -> B229
A107: =IF($A$81="","",$A$81) -> NGC
A108: =IF($A$82="","",$A$82)
A109: =IF($A$83="","",$A$83)
A110: Alpha total | B110: =IF(COUNT(B102:B109)=0,"",SUM(B102:B109)) | D110: =SUM(D102:D109) -> 0 | E110: =SUM(E102:E109) -> 0 | F110: =SUM(F102:F109) -> 0 | G110: =SUM(G102:G109) -> 0 | H110: =SUM(H102:H109) -> 0 | I110: =SUM(I102:I109) -> 0

Sheet Calder
A2: Calder Quality Health Dashboard | I2: =PeriodText -> Period 7 – 23/10/2026
J3: =HYPERLINK("#'Calder'!A70","Go to project data entry ▼") -> Go to project data entry ▼
A4: PowerBI Data | J4: RAG | K4: =">"&TEXT(PBI_G,"0%") -> >90% | L4: =TEXT(PBI_R,"0%")&" – "&TEXT(PBI_G,"0%") -> 75% – 90% | M4: ="<"&TEXT(PBI_R,"0%") -> <75%
B5: CRs Sentenced on time | D5: IERs Sentenced on time | F5: Investigations approved on time | H5: LITF Completed | J5: Assurances completed on time | L5: ATLAS Actions completed on time
A6: =PrevLbl&" (previous)" -> P6 (previous) | B6: =IF(N(C97)=0,"N/A",N(B97)/C97) -> N/A | D6: =IF(N(E97)=0,"N/A",N(D97)/E97) -> N/A | F6: =IF(N(G97)=0,"N/A",N(F97)/G97) -> N/A | H6: =IF(N(I97)=0,"N/A",N(H97)/I97) -> N/A | J6: =IF(N(K97)=0,"N/A",N(J97)/K97) -> N/A | L6: =IF(N(M97)=0,"N/A",N(L97)/M97) -> N/A
B7: =IF(N(C97)=0,"",N(B97)&"/"&C97) | D7: =IF(N(E97)=0,"",N(D97)&"/"&E97) | F7: =IF(N(G97)=0,"",N(F97)&"/"&G97) | H7: =IF(N(I97)=0,"",N(H97)&"/"&I97) | J7: =IF(N(K97)=0,"",N(J97)&"/"&K97) | L7: =IF(N(M97)=0,"",N(L97)&"/"&M97)
B8: =IF(NOT(ISNUMBER(B6)),"N/A",IF(B6>PBI_G,"Green",IF(B6<PBI_R,"Red","Amber"))) -> N/A | D8: =IF(NOT(ISNUMBER(D6)),"N/A",IF(D6>PBI_G,"Green",IF(D6<PBI_R,"Red","Amber"))) -> N/A | F8: =IF(NOT(ISNUMBER(F6)),"N/A",IF(F6>PBI_G,"Green",IF(F6<PBI_R,"Red","Amber"))) -> N/A | H8: =IF(NOT(ISNUMBER(H6)),"N/A",IF(H6>PBI_G,"Green",IF(H6<PBI_R,"Red","Amber"))) -> N/A | J8: =IF(NOT(ISNUMBER(J6)),"N/A",IF(J6>PBI_G,"Green",IF(J6<PBI_R,"Red","Amber"))) -> N/A | L8: =IF(NOT(ISNUMBER(L6)),"N/A",IF(L6>PBI_G,"Green",IF(L6<PBI_R,"Red","Amber"))) -> N/A
A10: =CurLbl&" (current)" -> P7 (current) | B10: =IF(N(C84)=0,"N/A",N(B84)/C84) -> N/A | D10: =IF(N(E84)=0,"N/A",N(D84)/E84) -> N/A | F10: =IF(N(G84)=0,"N/A",N(F84)/G84) -> N/A | H10: =IF(N(I84)=0,"N/A",N(H84)/I84) -> N/A | J10: =IF(N(K84)=0,"N/A",N(J84)/K84) -> N/A | L10: =IF(N(M84)=0,"N/A",N(L84)/M84) -> N/A
B11: =IF(N(C84)=0,"",N(B84)&"/"&C84) | D11: =IF(N(E84)=0,"",N(D84)&"/"&E84) | F11: =IF(N(G84)=0,"",N(F84)&"/"&G84) | H11: =IF(N(I84)=0,"",N(H84)&"/"&I84) | J11: =IF(N(K84)=0,"",N(J84)&"/"&K84) | L11: =IF(N(M84)=0,"",N(L84)&"/"&M84)
B12: =IF(NOT(ISNUMBER(B10)),"N/A",IF(B10>PBI_G,"Green",IF(B10<PBI_R,"Red","Amber"))) -> N/A | D12: =IF(NOT(ISNUMBER(D10)),"N/A",IF(D10>PBI_G,"Green",IF(D10<PBI_R,"Red","Amber"))) -> N/A | F12: =IF(NOT(ISNUMBER(F10)),"N/A",IF(F10>PBI_G,"Green",IF(F10<PBI_R,"Red","Amber"))) -> N/A | H12: =IF(NOT(ISNUMBER(H10)),"N/A",IF(H10>PBI_G,"Green",IF(H10<PBI_R,"Red","Amber"))) -> N/A | J12: =IF(NOT(ISNUMBER(J10)),"N/A",IF(J10>PBI_G,"Green",IF(J10<PBI_R,"Red","Amber"))) -> N/A | L12: =IF(NOT(ISNUMBER(L10)),"N/A",IF(L10>PBI_G,"Green",IF(L10<PBI_R,"Red","Amber"))) -> N/A
A13: Change | B13: =IF(OR(NOT(ISNUMBER(B6)),NOT(ISNUMBER(B10))),"–",IF(ROUND(B10-B6,4)>0,"▲ ",IF(ROUND(B10-B6,4)<0,"▼ ","► "))&TEXT(ABS(B10-B6)*100,"0.0")&" pts vs "&PrevLbl) -> – | D13: =IF(OR(NOT(ISNUMBER(D6)),NOT(ISNUMBER(D10))),"–",IF(ROUND(D10-D6,4)>0,"▲ ",IF(ROUND(D10-D6,4)<0,"▼ ","► "))&TEXT(ABS(D10-D6)*100,"0.0")&" pts vs "&PrevLbl) -> – | F13: =IF(OR(NOT(ISNUMBER(F6)),NOT(ISNUMBER(F10))),"–",IF(ROUND(F10-F6,4)>0,"▲ ",IF(ROUND(F10-F6,4)<0,"▼ ","► "))&TEXT(ABS(F10-F6)*100,"0.0")&" pts vs "&PrevLbl) -> – | H13: =IF(OR(NOT(ISNUMBER(H6)),NOT(ISNUMBER(H10))),"–",IF(ROUND(H10-H6,4)>0,"▲ ",IF(ROUND(H10-H6,4)<0,"▼ ","► "))&TEXT(ABS(H10-H6)*100,"0.0")&" pts vs "&PrevLbl) -> – | J13: =IF(OR(NOT(ISNUMBER(J6)),NOT(ISNUMBER(J10))),"–",IF(ROUND(J10-J6,4)>0,"▲ ",IF(ROUND(J10-J6,4)<0,"▼ ","► "))&TEXT(ABS(J10-J6)*100,"0.0")&" pts vs "&PrevLbl) -> – | L13: =IF(OR(NOT(ISNUMBER(L6)),NOT(ISNUMBER(L10))),"–",IF(ROUND(L10-L6,4)>0,"▲ ",IF(ROUND(L10-L6,4)<0,"▼ ","► "))&TEXT(ABS(L10-L6)*100,"0.0")&" pts vs "&PrevLbl) -> –
A15: Quality Performance
B16: Non-Conformances (live NCRs) | D16: Engineering Queries | F16: Inspection Performance | H16: Lifetime Records | J16: Escalations
B17: ="Green ≤"&NCR_G&" · Amber "&(NCR_G+1)&"–"&(NCR_R-1)&" · Red ≥"&NCR_R -> Green ≤2 · Amber 3–5 · Red ≥6 | D17: ="Green >"&TEXT(EQ_G,"0%")&" · Amber "&TEXT(EQ_R,"0%")&"–"&TEXT(EQ_G,"0%")&" · Red <"&TEXT(EQ_R,"0%") -> Green >80% · Amber 70%–80% · Red <70% | F17: ="Green >"&TEXT(INSP_G,"0%")&" · Amber "&TEXT(INSP_R,"0%")&"–"&TEXT(INSP_G,"0%")&" · Red <"&TEXT(INSP_R,"0%") -> Green >95% · Amber 90%–95% · Red <90% | H17: ="Green >"&TEXT(LTR_G,"0%")&" · Amber "&TEXT(LTR_R,"0%")&"–"&TEXT(LTR_G,"0%")&" · Red <"&TEXT(LTR_R,"0%") -> Green >95% · Amber 70%–95% · Red <70%
A18: =CurLbl&" (current)" -> P7 (current) | B18: =IF(ISNUMBER(B110),B110,"N/A") -> N/A | D18: =IF(N(E110)=0,"N/A",N(D110)/E110) -> N/A | F18: =IF(N(G110)=0,"N/A",N(F110)/G110) -> N/A | H18: =IF(N(I110)=0,"N/A",N(H110)/I110) -> N/A
B19: =IF(ISNUMBER(B110),"live NCRs","") | D19: =IF(N(E110)=0,"",N(D110)&"/"&E110) | F19: =IF(N(G110)=0,"",N(F110)&"/"&G110) | H19: =IF(N(I110)=0,"",N(H110)&"/"&I110)
B20: =IF(NOT(ISNUMBER(B18)),"N/A",IF(B18<=NCR_G,"Green",IF(B18>=NCR_R,"Red","Amber"))) -> N/A | D20: =IF(NOT(ISNUMBER(D18)),"N/A",IF(D18>EQ_G,"Green",IF(D18<EQ_R,"Red","Amber"))) -> N/A | F20: =IF(NOT(ISNUMBER(F18)),"N/A",IF(F18>INSP_G,"Green",IF(F18<INSP_R,"Red","Amber"))) -> N/A | H20: =IF(NOT(ISNUMBER(H18)),"N/A",IF(H18>LTR_G,"Green",IF(H18<LTR_R,"Red","Amber"))) -> N/A
A22: Quality Performance commentary by project
A23: Project | B23: Non-Conformances | D23: Engineering Queries | F23: Inspection Performance | H23: Lifetime Records
A24: Calder (general)
A25: =IF($A$76="","",$A$76) -> Project 1
A26: =IF($A$77="","",$A$77) -> Project 2
A27: =IF($A$78="","",$A$78) -> Project 3
A28: =IF($A$79="","",$A$79) -> Project 4
A29: =IF($A$80="","",$A$80) -> Project 5
A30: =IF($A$81="","",$A$81) -> Project 6
A31: =IF($A$82="","",$A$82)
A32: =IF($A$83="","",$A$83)
A34: SOFT – Successes, Opportunities, Failures, Threats
A35: Area | B35: Success | E35: Opportunities | H35: Failures | K35: Threats
A36: Calder Decom Ops
A37: =IF($A$76="","",$A$76) -> Project 1
A38: =IF($A$77="","",$A$77) -> Project 2
A39: =IF($A$78="","",$A$78) -> Project 3
A40: =IF($A$79="","",$A$79) -> Project 4
A41: =IF($A$80="","",$A$80) -> Project 5
A42: =IF($A$81="","",$A$81) -> Project 6
A43: =IF($A$82="","",$A$82)
A44: =IF($A$83="","",$A$83)
A46: ="Project performance – current period ("&CurLbl&") – calculated" -> Project performance – current period (P7) – calculated
A47: PowerBI data
A48: Project | B48: CRs Sentenced on time | D48: IERs Sentenced on time | F48: Investigations approved on time | H48: LITF Completed | J48: Assurances completed on time | L48: ATLAS Actions completed on time
A49: =IF($A$76="","",$A$76) -> Project 1 | B49: =IF($A49="","",IF(N(C76)=0,"N/A",N(B76)/C76)) -> N/A | C49: =IF(OR($A49="",N(C76)=0),"",N(B76)&"/"&C76) | D49: =IF($A49="","",IF(N(E76)=0,"N/A",N(D76)/E76)) -> N/A | E49: =IF(OR($A49="",N(E76)=0),"",N(D76)&"/"&E76) | F49: =IF($A49="","",IF(N(G76)=0,"N/A",N(F76)/G76)) -> N/A | G49: =IF(OR($A49="",N(G76)=0),"",N(F76)&"/"&G76) | H49: =IF($A49="","",IF(N(I76)=0,"N/A",N(H76)/I76)) -> N/A | I49: =IF(OR($A49="",N(I76)=0),"",N(H76)&"/"&I76) | J49: =IF($A49="","",IF(N(K76)=0,"N/A",N(J76)/K76)) -> N/A | K49: =IF(OR($A49="",N(K76)=0),"",N(J76)&"/"&K76) | L49: =IF($A49="","",IF(N(M76)=0,"N/A",N(L76)/M76)) -> N/A | M49: =IF(OR($A49="",N(M76)=0),"",N(L76)&"/"&M76)
A50: =IF($A$77="","",$A$77) -> Project 2 | B50: =IF($A50="","",IF(N(C77)=0,"N/A",N(B77)/C77)) -> N/A | C50: =IF(OR($A50="",N(C77)=0),"",N(B77)&"/"&C77) | D50: =IF($A50="","",IF(N(E77)=0,"N/A",N(D77)/E77)) -> N/A | E50: =IF(OR($A50="",N(E77)=0),"",N(D77)&"/"&E77) | F50: =IF($A50="","",IF(N(G77)=0,"N/A",N(F77)/G77)) -> N/A | G50: =IF(OR($A50="",N(G77)=0),"",N(F77)&"/"&G77) | H50: =IF($A50="","",IF(N(I77)=0,"N/A",N(H77)/I77)) -> N/A | I50: =IF(OR($A50="",N(I77)=0),"",N(H77)&"/"&I77) | J50: =IF($A50="","",IF(N(K77)=0,"N/A",N(J77)/K77)) -> N/A | K50: =IF(OR($A50="",N(K77)=0),"",N(J77)&"/"&K77) | L50: =IF($A50="","",IF(N(M77)=0,"N/A",N(L77)/M77)) -> N/A | M50: =IF(OR($A50="",N(M77)=0),"",N(L77)&"/"&M77)
A51: =IF($A$78="","",$A$78) -> Project 3 | B51: =IF($A51="","",IF(N(C78)=0,"N/A",N(B78)/C78)) -> N/A | C51: =IF(OR($A51="",N(C78)=0),"",N(B78)&"/"&C78) | D51: =IF($A51="","",IF(N(E78)=0,"N/A",N(D78)/E78)) -> N/A | E51: =IF(OR($A51="",N(E78)=0),"",N(D78)&"/"&E78) | F51: =IF($A51="","",IF(N(G78)=0,"N/A",N(F78)/G78)) -> N/A | G51: =IF(OR($A51="",N(G78)=0),"",N(F78)&"/"&G78) | H51: =IF($A51="","",IF(N(I78)=0,"N/A",N(H78)/I78)) -> N/A | I51: =IF(OR($A51="",N(I78)=0),"",N(H78)&"/"&I78) | J51: =IF($A51="","",IF(N(K78)=0,"N/A",N(J78)/K78)) -> N/A | K51: =IF(OR($A51="",N(K78)=0),"",N(J78)&"/"&K78) | L51: =IF($A51="","",IF(N(M78)=0,"N/A",N(L78)/M78)) -> N/A | M51: =IF(OR($A51="",N(M78)=0),"",N(L78)&"/"&M78)
A52: =IF($A$79="","",$A$79) -> Project 4 | B52: =IF($A52="","",IF(N(C79)=0,"N/A",N(B79)/C79)) -> N/A | C52: =IF(OR($A52="",N(C79)=0),"",N(B79)&"/"&C79) | D52: =IF($A52="","",IF(N(E79)=0,"N/A",N(D79)/E79)) -> N/A | E52: =IF(OR($A52="",N(E79)=0),"",N(D79)&"/"&E79) | F52: =IF($A52="","",IF(N(G79)=0,"N/A",N(F79)/G79)) -> N/A | G52: =IF(OR($A52="",N(G79)=0),"",N(F79)&"/"&G79) | H52: =IF($A52="","",IF(N(I79)=0,"N/A",N(H79)/I79)) -> N/A | I52: =IF(OR($A52="",N(I79)=0),"",N(H79)&"/"&I79) | J52: =IF($A52="","",IF(N(K79)=0,"N/A",N(J79)/K79)) -> N/A | K52: =IF(OR($A52="",N(K79)=0),"",N(J79)&"/"&K79) | L52: =IF($A52="","",IF(N(M79)=0,"N/A",N(L79)/M79)) -> N/A | M52: =IF(OR($A52="",N(M79)=0),"",N(L79)&"/"&M79)
A53: =IF($A$80="","",$A$80) -> Project 5 | B53: =IF($A53="","",IF(N(C80)=0,"N/A",N(B80)/C80)) -> N/A | C53: =IF(OR($A53="",N(C80)=0),"",N(B80)&"/"&C80) | D53: =IF($A53="","",IF(N(E80)=0,"N/A",N(D80)/E80)) -> N/A | E53: =IF(OR($A53="",N(E80)=0),"",N(D80)&"/"&E80) | F53: =IF($A53="","",IF(N(G80)=0,"N/A",N(F80)/G80)) -> N/A | G53: =IF(OR($A53="",N(G80)=0),"",N(F80)&"/"&G80) | H53: =IF($A53="","",IF(N(I80)=0,"N/A",N(H80)/I80)) -> N/A | I53: =IF(OR($A53="",N(I80)=0),"",N(H80)&"/"&I80) | J53: =IF($A53="","",IF(N(K80)=0,"N/A",N(J80)/K80)) -> N/A | K53: =IF(OR($A53="",N(K80)=0),"",N(J80)&"/"&K80) | L53: =IF($A53="","",IF(N(M80)=0,"N/A",N(L80)/M80)) -> N/A | M53: =IF(OR($A53="",N(M80)=0),"",N(L80)&"/"&M80)
A54: =IF($A$81="","",$A$81) -> Project 6 | B54: =IF($A54="","",IF(N(C81)=0,"N/A",N(B81)/C81)) -> N/A | C54: =IF(OR($A54="",N(C81)=0),"",N(B81)&"/"&C81) | D54: =IF($A54="","",IF(N(E81)=0,"N/A",N(D81)/E81)) -> N/A | E54: =IF(OR($A54="",N(E81)=0),"",N(D81)&"/"&E81) | F54: =IF($A54="","",IF(N(G81)=0,"N/A",N(F81)/G81)) -> N/A | G54: =IF(OR($A54="",N(G81)=0),"",N(F81)&"/"&G81) | H54: =IF($A54="","",IF(N(I81)=0,"N/A",N(H81)/I81)) -> N/A | I54: =IF(OR($A54="",N(I81)=0),"",N(H81)&"/"&I81) | J54: =IF($A54="","",IF(N(K81)=0,"N/A",N(J81)/K81)) -> N/A | K54: =IF(OR($A54="",N(K81)=0),"",N(J81)&"/"&K81) | L54: =IF($A54="","",IF(N(M81)=0,"N/A",N(L81)/M81)) -> N/A | M54: =IF(OR($A54="",N(M81)=0),"",N(L81)&"/"&M81)
A55: =IF($A$82="","",$A$82) | B55: =IF($A55="","",IF(N(C82)=0,"N/A",N(B82)/C82)) | C55: =IF(OR($A55="",N(C82)=0),"",N(B82)&"/"&C82) | D55: =IF($A55="","",IF(N(E82)=0,"N/A",N(D82)/E82)) | E55: =IF(OR($A55="",N(E82)=0),"",N(D82)&"/"&E82) | F55: =IF($A55="","",IF(N(G82)=0,"N/A",N(F82)/G82)) | G55: =IF(OR($A55="",N(G82)=0),"",N(F82)&"/"&G82) | H55: =IF($A55="","",IF(N(I82)=0,"N/A",N(H82)/I82)) | I55: =IF(OR($A55="",N(I82)=0),"",N(H82)&"/"&I82) | J55: =IF($A55="","",IF(N(K82)=0,"N/A",N(J82)/K82)) | K55: =IF(OR($A55="",N(K82)=0),"",N(J82)&"/"&K82) | L55: =IF($A55="","",IF(N(M82)=0,"N/A",N(L82)/M82)) | M55: =IF(OR($A55="",N(M82)=0),"",N(L82)&"/"&M82)
A56: =IF($A$83="","",$A$83) | B56: =IF($A56="","",IF(N(C83)=0,"N/A",N(B83)/C83)) | C56: =IF(OR($A56="",N(C83)=0),"",N(B83)&"/"&C83) | D56: =IF($A56="","",IF(N(E83)=0,"N/A",N(D83)/E83)) | E56: =IF(OR($A56="",N(E83)=0),"",N(D83)&"/"&E83) | F56: =IF($A56="","",IF(N(G83)=0,"N/A",N(F83)/G83)) | G56: =IF(OR($A56="",N(G83)=0),"",N(F83)&"/"&G83) | H56: =IF($A56="","",IF(N(I83)=0,"N/A",N(H83)/I83)) | I56: =IF(OR($A56="",N(I83)=0),"",N(H83)&"/"&I83) | J56: =IF($A56="","",IF(N(K83)=0,"N/A",N(J83)/K83)) | K56: =IF(OR($A56="",N(K83)=0),"",N(J83)&"/"&K83) | L56: =IF($A56="","",IF(N(M83)=0,"N/A",N(L83)/M83)) | M56: =IF(OR($A56="",N(M83)=0),"",N(L83)&"/"&M83)
A57: Calder total | B57: =IF($A57="","",IF(N(C84)=0,"N/A",N(B84)/C84)) -> N/A | C57: =IF(OR($A57="",N(C84)=0),"",N(B84)&"/"&C84) | D57: =IF($A57="","",IF(N(E84)=0,"N/A",N(D84)/E84)) -> N/A | E57: =IF(OR($A57="",N(E84)=0),"",N(D84)&"/"&E84) | F57: =IF($A57="","",IF(N(G84)=0,"N/A",N(F84)/G84)) -> N/A | G57: =IF(OR($A57="",N(G84)=0),"",N(F84)&"/"&G84) | H57: =IF($A57="","",IF(N(I84)=0,"N/A",N(H84)/I84)) -> N/A | I57: =IF(OR($A57="",N(I84)=0),"",N(H84)&"/"&I84) | J57: =IF($A57="","",IF(N(K84)=0,"N/A",N(J84)/K84)) -> N/A | K57: =IF(OR($A57="",N(K84)=0),"",N(J84)&"/"&K84) | L57: =IF($A57="","",IF(N(M84)=0,"N/A",N(L84)/M84)) -> N/A | M57: =IF(OR($A57="",N(M84)=0),"",N(L84)&"/"&M84)
A58: Quality Performance
A59: Project | B59: Non-Conformances (live NCRs) | D59: Engineering Queries | F59: Inspection Performance | H59: Lifetime Records
A60: =IF($A$76="","",$A$76) -> Project 1 | B60: =IF($A60="","",IF(ISNUMBER(B102),B102,"N/A")) -> N/A | D60: =IF($A60="","",IF(N(E102)=0,"N/A",N(D102)/E102)) -> N/A | E60: =IF(OR($A60="",N(E102)=0),"",N(D102)&"/"&E102) | F60: =IF($A60="","",IF(N(G102)=0,"N/A",N(F102)/G102)) -> N/A | G60: =IF(OR($A60="",N(G102)=0),"",N(F102)&"/"&G102) | H60: =IF($A60="","",IF(N(I102)=0,"N/A",N(H102)/I102)) -> N/A | I60: =IF(OR($A60="",N(I102)=0),"",N(H102)&"/"&I102)
A61: =IF($A$77="","",$A$77) -> Project 2 | B61: =IF($A61="","",IF(ISNUMBER(B103),B103,"N/A")) -> N/A | D61: =IF($A61="","",IF(N(E103)=0,"N/A",N(D103)/E103)) -> N/A | E61: =IF(OR($A61="",N(E103)=0),"",N(D103)&"/"&E103) | F61: =IF($A61="","",IF(N(G103)=0,"N/A",N(F103)/G103)) -> N/A | G61: =IF(OR($A61="",N(G103)=0),"",N(F103)&"/"&G103) | H61: =IF($A61="","",IF(N(I103)=0,"N/A",N(H103)/I103)) -> N/A | I61: =IF(OR($A61="",N(I103)=0),"",N(H103)&"/"&I103)
A62: =IF($A$78="","",$A$78) -> Project 3 | B62: =IF($A62="","",IF(ISNUMBER(B104),B104,"N/A")) -> N/A | D62: =IF($A62="","",IF(N(E104)=0,"N/A",N(D104)/E104)) -> N/A | E62: =IF(OR($A62="",N(E104)=0),"",N(D104)&"/"&E104) | F62: =IF($A62="","",IF(N(G104)=0,"N/A",N(F104)/G104)) -> N/A | G62: =IF(OR($A62="",N(G104)=0),"",N(F104)&"/"&G104) | H62: =IF($A62="","",IF(N(I104)=0,"N/A",N(H104)/I104)) -> N/A | I62: =IF(OR($A62="",N(I104)=0),"",N(H104)&"/"&I104)
A63: =IF($A$79="","",$A$79) -> Project 4 | B63: =IF($A63="","",IF(ISNUMBER(B105),B105,"N/A")) -> N/A | D63: =IF($A63="","",IF(N(E105)=0,"N/A",N(D105)/E105)) -> N/A | E63: =IF(OR($A63="",N(E105)=0),"",N(D105)&"/"&E105) | F63: =IF($A63="","",IF(N(G105)=0,"N/A",N(F105)/G105)) -> N/A | G63: =IF(OR($A63="",N(G105)=0),"",N(F105)&"/"&G105) | H63: =IF($A63="","",IF(N(I105)=0,"N/A",N(H105)/I105)) -> N/A | I63: =IF(OR($A63="",N(I105)=0),"",N(H105)&"/"&I105)
A64: =IF($A$80="","",$A$80) -> Project 5 | B64: =IF($A64="","",IF(ISNUMBER(B106),B106,"N/A")) -> N/A | D64: =IF($A64="","",IF(N(E106)=0,"N/A",N(D106)/E106)) -> N/A | E64: =IF(OR($A64="",N(E106)=0),"",N(D106)&"/"&E106) | F64: =IF($A64="","",IF(N(G106)=0,"N/A",N(F106)/G106)) -> N/A | G64: =IF(OR($A64="",N(G106)=0),"",N(F106)&"/"&G106) | H64: =IF($A64="","",IF(N(I106)=0,"N/A",N(H106)/I106)) -> N/A | I64: =IF(OR($A64="",N(I106)=0),"",N(H106)&"/"&I106)
A65: =IF($A$81="","",$A$81) -> Project 6 | B65: =IF($A65="","",IF(ISNUMBER(B107),B107,"N/A")) -> N/A | D65: =IF($A65="","",IF(N(E107)=0,"N/A",N(D107)/E107)) -> N/A | E65: =IF(OR($A65="",N(E107)=0),"",N(D107)&"/"&E107) | F65: =IF($A65="","",IF(N(G107)=0,"N/A",N(F107)/G107)) -> N/A | G65: =IF(OR($A65="",N(G107)=0),"",N(F107)&"/"&G107) | H65: =IF($A65="","",IF(N(I107)=0,"N/A",N(H107)/I107)) -> N/A | I65: =IF(OR($A65="",N(I107)=0),"",N(H107)&"/"&I107)
A66: =IF($A$82="","",$A$82) | B66: =IF($A66="","",IF(ISNUMBER(B108),B108,"N/A")) | D66: =IF($A66="","",IF(N(E108)=0,"N/A",N(D108)/E108)) | E66: =IF(OR($A66="",N(E108)=0),"",N(D108)&"/"&E108) | F66: =IF($A66="","",IF(N(G108)=0,"N/A",N(F108)/G108)) | G66: =IF(OR($A66="",N(G108)=0),"",N(F108)&"/"&G108) | H66: =IF($A66="","",IF(N(I108)=0,"N/A",N(H108)/I108)) | I66: =IF(OR($A66="",N(I108)=0),"",N(H108)&"/"&I108)
A67: =IF($A$83="","",$A$83) | B67: =IF($A67="","",IF(ISNUMBER(B109),B109,"N/A")) | D67: =IF($A67="","",IF(N(E109)=0,"N/A",N(D109)/E109)) | E67: =IF(OR($A67="",N(E109)=0),"",N(D109)&"/"&E109) | F67: =IF($A67="","",IF(N(G109)=0,"N/A",N(F109)/G109)) | G67: =IF(OR($A67="",N(G109)=0),"",N(F109)&"/"&G109) | H67: =IF($A67="","",IF(N(I109)=0,"N/A",N(H109)/I109)) | I67: =IF(OR($A67="",N(I109)=0),"",N(H109)&"/"&I109)
A68: Calder total | B68: =IF($A68="","",IF(ISNUMBER(B110),B110,"N/A")) -> N/A | D68: =IF($A68="","",IF(N(E110)=0,"N/A",N(D110)/E110)) -> N/A | E68: =IF(OR($A68="",N(E110)=0),"",N(D110)&"/"&E110) | F68: =IF($A68="","",IF(N(G110)=0,"N/A",N(F110)/G110)) -> N/A | G68: =IF(OR($A68="",N(G110)=0),"",N(F110)&"/"&G110) | H68: =IF($A68="","",IF(N(I110)=0,"N/A",N(H110)/I110)) -> N/A | I68: =IF(OR($A68="",N(I110)=0),"",N(H110)&"/"&I110)
A70: Project data entry
A71: Enter, for each project, the number completed on time (Done) and the number due (Total). Project names typed in the first table flow through the whole sheet. Done greater than Total turns red.
A73: ="PowerBI data – current period ("&CurLbl&")" -> PowerBI data – current period (P7)
A74: Project | B74: CRs Sentenced on time | D74: IERs Sentenced on time | F74: Investigations approved on time | H74: LITF Completed | J74: Assurances completed on time | L74: ATLAS Actions completed on time
B75: Done | C75: Total | D75: Done | E75: Total | F75: Done | G75: Total | H75: Done | I75: Total | J75: Done | K75: Total | L75: Done | M75: Total
A76: Project 1
A77: Project 2
A78: Project 3
A79: Project 4
A80: Project 5
A81: Project 6
A84: Calder total | B84: =SUM(B76:B83) -> 0 | C84: =SUM(C76:C83) -> 0 | D84: =SUM(D76:D83) -> 0 | E84: =SUM(E76:E83) -> 0 | F84: =SUM(F76:F83) -> 0 | G84: =SUM(G76:G83) -> 0 | H84: =SUM(H76:H83) -> 0 | I84: =SUM(I76:I83) -> 0 | ... M84: =SUM(M76:M83) -> 0
A86: ="PowerBI data – previous period ("&PrevLbl&")" -> PowerBI data – previous period (P6)
A87: Project | B87: CRs Sentenced on time | D87: IERs Sentenced on time | F87: Investigations approved on time | H87: LITF Completed | J87: Assurances completed on time | L87: ATLAS Actions completed on time
B88: Done | C88: Total | D88: Done | E88: Total | F88: Done | G88: Total | H88: Done | I88: Total | J88: Done | K88: Total | L88: Done | M88: Total
A89: =IF($A$76="","",$A$76) -> Project 1
A90: =IF($A$77="","",$A$77) -> Project 2
A91: =IF($A$78="","",$A$78) -> Project 3
A92: =IF($A$79="","",$A$79) -> Project 4
A93: =IF($A$80="","",$A$80) -> Project 5
A94: =IF($A$81="","",$A$81) -> Project 6
A95: =IF($A$82="","",$A$82)
A96: =IF($A$83="","",$A$83)
A97: Calder total | B97: =SUM(B89:B96) -> 0 | C97: =SUM(C89:C96) -> 0 | D97: =SUM(D89:D96) -> 0 | E97: =SUM(E89:E96) -> 0 | F97: =SUM(F89:F96) -> 0 | G97: =SUM(G89:G96) -> 0 | H97: =SUM(H89:H96) -> 0 | I97: =SUM(I89:I96) -> 0 | ... M97: =SUM(M89:M96) -> 0
A99: ="Quality Performance – current period ("&CurLbl&")" -> Quality Performance – current period (P7)
A100: Project | B100: Non-Conformances (live NCRs) | D100: Engineering Queries | F100: Inspection Performance | H100: Lifetime Records
B101: Live NCRs | D101: Done | E101: Total | F101: Done | G101: Total | H101: Done | I101: Total
A102: =IF($A$76="","",$A$76) -> Project 1
A103: =IF($A$77="","",$A$77) -> Project 2
A104: =IF($A$78="","",$A$78) -> Project 3
A105: =IF($A$79="","",$A$79) -> Project 4
A106: =IF($A$80="","",$A$80) -> Project 5
A107: =IF($A$81="","",$A$81) -> Project 6
A108: =IF($A$82="","",$A$82)
A109: =IF($A$83="","",$A$83)
A110: Calder total | B110: =IF(COUNT(B102:B109)=0,"",SUM(B102:B109)) | D110: =SUM(D102:D109) -> 0 | E110: =SUM(E102:E109) -> 0 | F110: =SUM(F102:F109) -> 0 | G110: =SUM(G102:G109) -> 0 | H110: =SUM(H102:H109) -> 0 | I110: =SUM(I102:I109) -> 0

Sheet Repro Decom
A2: Repro Decom Quality Health Dashboard | I2: =PeriodText -> Period 7 – 23/10/2026
J3: =HYPERLINK("#'Repro Decom'!A70","Go to project data entry ▼") -> Go to project data entry ▼
A4: PowerBI Data | J4: RAG | K4: =">"&TEXT(PBI_G,"0%") -> >90% | L4: =TEXT(PBI_R,"0%")&" – "&TEXT(PBI_G,"0%") -> 75% – 90% | M4: ="<"&TEXT(PBI_R,"0%") -> <75%
B5: CRs Sentenced on time | D5: IERs Sentenced on time | F5: Investigations approved on time | H5: LITF Completed | J5: Assurances completed on time | L5: ATLAS Actions completed on time
A6: =PrevLbl&" (previous)" -> P6 (previous) | B6: =IF(N(C97)=0,"N/A",N(B97)/C97) -> N/A | D6: =IF(N(E97)=0,"N/A",N(D97)/E97) -> N/A | F6: =IF(N(G97)=0,"N/A",N(F97)/G97) -> N/A | H6: =IF(N(I97)=0,"N/A",N(H97)/I97) -> N/A | J6: =IF(N(K97)=0,"N/A",N(J97)/K97) -> N/A | L6: =IF(N(M97)=0,"N/A",N(L97)/M97) -> N/A
B7: =IF(N(C97)=0,"",N(B97)&"/"&C97) | D7: =IF(N(E97)=0,"",N(D97)&"/"&E97) | F7: =IF(N(G97)=0,"",N(F97)&"/"&G97) | H7: =IF(N(I97)=0,"",N(H97)&"/"&I97) | J7: =IF(N(K97)=0,"",N(J97)&"/"&K97) | L7: =IF(N(M97)=0,"",N(L97)&"/"&M97)
B8: =IF(NOT(ISNUMBER(B6)),"N/A",IF(B6>PBI_G,"Green",IF(B6<PBI_R,"Red","Amber"))) -> N/A | D8: =IF(NOT(ISNUMBER(D6)),"N/A",IF(D6>PBI_G,"Green",IF(D6<PBI_R,"Red","Amber"))) -> N/A | F8: =IF(NOT(ISNUMBER(F6)),"N/A",IF(F6>PBI_G,"Green",IF(F6<PBI_R,"Red","Amber"))) -> N/A | H8: =IF(NOT(ISNUMBER(H6)),"N/A",IF(H6>PBI_G,"Green",IF(H6<PBI_R,"Red","Amber"))) -> N/A | J8: =IF(NOT(ISNUMBER(J6)),"N/A",IF(J6>PBI_G,"Green",IF(J6<PBI_R,"Red","Amber"))) -> N/A | L8: =IF(NOT(ISNUMBER(L6)),"N/A",IF(L6>PBI_G,"Green",IF(L6<PBI_R,"Red","Amber"))) -> N/A
A10: =CurLbl&" (current)" -> P7 (current) | B10: =IF(N(C84)=0,"N/A",N(B84)/C84) -> N/A | D10: =IF(N(E84)=0,"N/A",N(D84)/E84) -> N/A | F10: =IF(N(G84)=0,"N/A",N(F84)/G84) -> N/A | H10: =IF(N(I84)=0,"N/A",N(H84)/I84) -> N/A | J10: =IF(N(K84)=0,"N/A",N(J84)/K84) -> N/A | L10: =IF(N(M84)=0,"N/A",N(L84)/M84) -> N/A
B11: =IF(N(C84)=0,"",N(B84)&"/"&C84) | D11: =IF(N(E84)=0,"",N(D84)&"/"&E84) | F11: =IF(N(G84)=0,"",N(F84)&"/"&G84) | H11: =IF(N(I84)=0,"",N(H84)&"/"&I84) | J11: =IF(N(K84)=0,"",N(J84)&"/"&K84) | L11: =IF(N(M84)=0,"",N(L84)&"/"&M84)
B12: =IF(NOT(ISNUMBER(B10)),"N/A",IF(B10>PBI_G,"Green",IF(B10<PBI_R,"Red","Amber"))) -> N/A | D12: =IF(NOT(ISNUMBER(D10)),"N/A",IF(D10>PBI_G,"Green",IF(D10<PBI_R,"Red","Amber"))) -> N/A | F12: =IF(NOT(ISNUMBER(F10)),"N/A",IF(F10>PBI_G,"Green",IF(F10<PBI_R,"Red","Amber"))) -> N/A | H12: =IF(NOT(ISNUMBER(H10)),"N/A",IF(H10>PBI_G,"Green",IF(H10<PBI_R,"Red","Amber"))) -> N/A | J12: =IF(NOT(ISNUMBER(J10)),"N/A",IF(J10>PBI_G,"Green",IF(J10<PBI_R,"Red","Amber"))) -> N/A | L12: =IF(NOT(ISNUMBER(L10)),"N/A",IF(L10>PBI_G,"Green",IF(L10<PBI_R,"Red","Amber"))) -> N/A
A13: Change | B13: =IF(OR(NOT(ISNUMBER(B6)),NOT(ISNUMBER(B10))),"–",IF(ROUND(B10-B6,4)>0,"▲ ",IF(ROUND(B10-B6,4)<0,"▼ ","► "))&TEXT(ABS(B10-B6)*100,"0.0")&" pts vs "&PrevLbl) -> – | D13: =IF(OR(NOT(ISNUMBER(D6)),NOT(ISNUMBER(D10))),"–",IF(ROUND(D10-D6,4)>0,"▲ ",IF(ROUND(D10-D6,4)<0,"▼ ","► "))&TEXT(ABS(D10-D6)*100,"0.0")&" pts vs "&PrevLbl) -> – | F13: =IF(OR(NOT(ISNUMBER(F6)),NOT(ISNUMBER(F10))),"–",IF(ROUND(F10-F6,4)>0,"▲ ",IF(ROUND(F10-F6,4)<0,"▼ ","► "))&TEXT(ABS(F10-F6)*100,"0.0")&" pts vs "&PrevLbl) -> – | H13: =IF(OR(NOT(ISNUMBER(H6)),NOT(ISNUMBER(H10))),"–",IF(ROUND(H10-H6,4)>0,"▲ ",IF(ROUND(H10-H6,4)<0,"▼ ","► "))&TEXT(ABS(H10-H6)*100,"0.0")&" pts vs "&PrevLbl) -> – | J13: =IF(OR(NOT(ISNUMBER(J6)),NOT(ISNUMBER(J10))),"–",IF(ROUND(J10-J6,4)>0,"▲ ",IF(ROUND(J10-J6,4)<0,"▼ ","► "))&TEXT(ABS(J10-J6)*100,"0.0")&" pts vs "&PrevLbl) -> – | L13: =IF(OR(NOT(ISNUMBER(L6)),NOT(ISNUMBER(L10))),"–",IF(ROUND(L10-L6,4)>0,"▲ ",IF(ROUND(L10-L6,4)<0,"▼ ","► "))&TEXT(ABS(L10-L6)*100,"0.0")&" pts vs "&PrevLbl) -> –
A15: Quality Performance
B16: Non-Conformances (live NCRs) | D16: Engineering Queries | F16: Inspection Performance | H16: Lifetime Records | J16: Escalations
B17: ="Green ≤"&NCR_G&" · Amber "&(NCR_G+1)&"–"&(NCR_R-1)&" · Red ≥"&NCR_R -> Green ≤2 · Amber 3–5 · Red ≥6 | D17: ="Green >"&TEXT(EQ_G,"0%")&" · Amber "&TEXT(EQ_R,"0%")&"–"&TEXT(EQ_G,"0%")&" · Red <"&TEXT(EQ_R,"0%") -> Green >80% · Amber 70%–80% · Red <70% | F17: ="Green >"&TEXT(INSP_G,"0%")&" · Amber "&TEXT(INSP_R,"0%")&"–"&TEXT(INSP_G,"0%")&" · Red <"&TEXT(INSP_R,"0%") -> Green >95% · Amber 90%–95% · Red <90% | H17: ="Green >"&TEXT(LTR_G,"0%")&" · Amber "&TEXT(LTR_R,"0%")&"–"&TEXT(LTR_G,"0%")&" · Red <"&TEXT(LTR_R,"0%") -> Green >95% · Amber 70%–95% · Red <70%
A18: =CurLbl&" (current)" -> P7 (current) | B18: =IF(ISNUMBER(B110),B110,"N/A") -> N/A | D18: =IF(N(E110)=0,"N/A",N(D110)/E110) -> N/A | F18: =IF(N(G110)=0,"N/A",N(F110)/G110) -> N/A | H18: =IF(N(I110)=0,"N/A",N(H110)/I110) -> N/A
B19: =IF(ISNUMBER(B110),"live NCRs","") | D19: =IF(N(E110)=0,"",N(D110)&"/"&E110) | F19: =IF(N(G110)=0,"",N(F110)&"/"&G110) | H19: =IF(N(I110)=0,"",N(H110)&"/"&I110)
B20: =IF(NOT(ISNUMBER(B18)),"N/A",IF(B18<=NCR_G,"Green",IF(B18>=NCR_R,"Red","Amber"))) -> N/A | D20: =IF(NOT(ISNUMBER(D18)),"N/A",IF(D18>EQ_G,"Green",IF(D18<EQ_R,"Red","Amber"))) -> N/A | F20: =IF(NOT(ISNUMBER(F18)),"N/A",IF(F18>INSP_G,"Green",IF(F18<INSP_R,"Red","Amber"))) -> N/A | H20: =IF(NOT(ISNUMBER(H18)),"N/A",IF(H18>LTR_G,"Green",IF(H18<LTR_R,"Red","Amber"))) -> N/A
A22: Quality Performance commentary by project
A23: Project | B23: Non-Conformances | D23: Engineering Queries | F23: Inspection Performance | H23: Lifetime Records
A24: Repro Decom (general)
A25: =IF($A$76="","",$A$76) -> Project 1
A26: =IF($A$77="","",$A$77) -> Project 2
A27: =IF($A$78="","",$A$78) -> Project 3
A28: =IF($A$79="","",$A$79) -> Project 4
A29: =IF($A$80="","",$A$80) -> Project 5
A30: =IF($A$81="","",$A$81) -> Project 6
A31: =IF($A$82="","",$A$82)
A32: =IF($A$83="","",$A$83)
A34: SOFT – Successes, Opportunities, Failures, Threats
A35: Area | B35: Success | E35: Opportunities | H35: Failures | K35: Threats
A36: Repro Decom Decom Ops
A37: =IF($A$76="","",$A$76) -> Project 1
A38: =IF($A$77="","",$A$77) -> Project 2
A39: =IF($A$78="","",$A$78) -> Project 3
A40: =IF($A$79="","",$A$79) -> Project 4
A41: =IF($A$80="","",$A$80) -> Project 5
A42: =IF($A$81="","",$A$81) -> Project 6
A43: =IF($A$82="","",$A$82)
A44: =IF($A$83="","",$A$83)
A46: ="Project performance – current period ("&CurLbl&") – calculated" -> Project performance – current period (P7) – calculated
A47: PowerBI data
A48: Project | B48: CRs Sentenced on time | D48: IERs Sentenced on time | F48: Investigations approved on time | H48: LITF Completed | J48: Assurances completed on time | L48: ATLAS Actions completed on time
A49: =IF($A$76="","",$A$76) -> Project 1 | B49: =IF($A49="","",IF(N(C76)=0,"N/A",N(B76)/C76)) -> N/A | C49: =IF(OR($A49="",N(C76)=0),"",N(B76)&"/"&C76) | D49: =IF($A49="","",IF(N(E76)=0,"N/A",N(D76)/E76)) -> N/A | E49: =IF(OR($A49="",N(E76)=0),"",N(D76)&"/"&E76) | F49: =IF($A49="","",IF(N(G76)=0,"N/A",N(F76)/G76)) -> N/A | G49: =IF(OR($A49="",N(G76)=0),"",N(F76)&"/"&G76) | H49: =IF($A49="","",IF(N(I76)=0,"N/A",N(H76)/I76)) -> N/A | I49: =IF(OR($A49="",N(I76)=0),"",N(H76)&"/"&I76) | J49: =IF($A49="","",IF(N(K76)=0,"N/A",N(J76)/K76)) -> N/A | K49: =IF(OR($A49="",N(K76)=0),"",N(J76)&"/"&K76) | L49: =IF($A49="","",IF(N(M76)=0,"N/A",N(L76)/M76)) -> N/A | M49: =IF(OR($A49="",N(M76)=0),"",N(L76)&"/"&M76)
A50: =IF($A$77="","",$A$77) -> Project 2 | B50: =IF($A50="","",IF(N(C77)=0,"N/A",N(B77)/C77)) -> N/A | C50: =IF(OR($A50="",N(C77)=0),"",N(B77)&"/"&C77) | D50: =IF($A50="","",IF(N(E77)=0,"N/A",N(D77)/E77)) -> N/A | E50: =IF(OR($A50="",N(E77)=0),"",N(D77)&"/"&E77) | F50: =IF($A50="","",IF(N(G77)=0,"N/A",N(F77)/G77)) -> N/A | G50: =IF(OR($A50="",N(G77)=0),"",N(F77)&"/"&G77) | H50: =IF($A50="","",IF(N(I77)=0,"N/A",N(H77)/I77)) -> N/A | I50: =IF(OR($A50="",N(I77)=0),"",N(H77)&"/"&I77) | J50: =IF($A50="","",IF(N(K77)=0,"N/A",N(J77)/K77)) -> N/A | K50: =IF(OR($A50="",N(K77)=0),"",N(J77)&"/"&K77) | L50: =IF($A50="","",IF(N(M77)=0,"N/A",N(L77)/M77)) -> N/A | M50: =IF(OR($A50="",N(M77)=0),"",N(L77)&"/"&M77)
A51: =IF($A$78="","",$A$78) -> Project 3 | B51: =IF($A51="","",IF(N(C78)=0,"N/A",N(B78)/C78)) -> N/A | C51: =IF(OR($A51="",N(C78)=0),"",N(B78)&"/"&C78) | D51: =IF($A51="","",IF(N(E78)=0,"N/A",N(D78)/E78)) -> N/A | E51: =IF(OR($A51="",N(E78)=0),"",N(D78)&"/"&E78) | F51: =IF($A51="","",IF(N(G78)=0,"N/A",N(F78)/G78)) -> N/A | G51: =IF(OR($A51="",N(G78)=0),"",N(F78)&"/"&G78) | H51: =IF($A51="","",IF(N(I78)=0,"N/A",N(H78)/I78)) -> N/A | I51: =IF(OR($A51="",N(I78)=0),"",N(H78)&"/"&I78) | J51: =IF($A51="","",IF(N(K78)=0,"N/A",N(J78)/K78)) -> N/A | K51: =IF(OR($A51="",N(K78)=0),"",N(J78)&"/"&K78) | L51: =IF($A51="","",IF(N(M78)=0,"N/A",N(L78)/M78)) -> N/A | M51: =IF(OR($A51="",N(M78)=0),"",N(L78)&"/"&M78)
A52: =IF($A$79="","",$A$79) -> Project 4 | B52: =IF($A52="","",IF(N(C79)=0,"N/A",N(B79)/C79)) -> N/A | C52: =IF(OR($A52="",N(C79)=0),"",N(B79)&"/"&C79) | D52: =IF($A52="","",IF(N(E79)=0,"N/A",N(D79)/E79)) -> N/A | E52: =IF(OR($A52="",N(E79)=0),"",N(D79)&"/"&E79) | F52: =IF($A52="","",IF(N(G79)=0,"N/A",N(F79)/G79)) -> N/A | G52: =IF(OR($A52="",N(G79)=0),"",N(F79)&"/"&G79) | H52: =IF($A52="","",IF(N(I79)=0,"N/A",N(H79)/I79)) -> N/A | I52: =IF(OR($A52="",N(I79)=0),"",N(H79)&"/"&I79) | J52: =IF($A52="","",IF(N(K79)=0,"N/A",N(J79)/K79)) -> N/A | K52: =IF(OR($A52="",N(K79)=0),"",N(J79)&"/"&K79) | L52: =IF($A52="","",IF(N(M79)=0,"N/A",N(L79)/M79)) -> N/A | M52: =IF(OR($A52="",N(M79)=0),"",N(L79)&"/"&M79)
A53: =IF($A$80="","",$A$80) -> Project 5 | B53: =IF($A53="","",IF(N(C80)=0,"N/A",N(B80)/C80)) -> N/A | C53: =IF(OR($A53="",N(C80)=0),"",N(B80)&"/"&C80) | D53: =IF($A53="","",IF(N(E80)=0,"N/A",N(D80)/E80)) -> N/A | E53: =IF(OR($A53="",N(E80)=0),"",N(D80)&"/"&E80) | F53: =IF($A53="","",IF(N(G80)=0,"N/A",N(F80)/G80)) -> N/A | G53: =IF(OR($A53="",N(G80)=0),"",N(F80)&"/"&G80) | H53: =IF($A53="","",IF(N(I80)=0,"N/A",N(H80)/I80)) -> N/A | I53: =IF(OR($A53="",N(I80)=0),"",N(H80)&"/"&I80) | J53: =IF($A53="","",IF(N(K80)=0,"N/A",N(J80)/K80)) -> N/A | K53: =IF(OR($A53="",N(K80)=0),"",N(J80)&"/"&K80) | L53: =IF($A53="","",IF(N(M80)=0,"N/A",N(L80)/M80)) -> N/A | M53: =IF(OR($A53="",N(M80)=0),"",N(L80)&"/"&M80)
A54: =IF($A$81="","",$A$81) -> Project 6 | B54: =IF($A54="","",IF(N(C81)=0,"N/A",N(B81)/C81)) -> N/A | C54: =IF(OR($A54="",N(C81)=0),"",N(B81)&"/"&C81) | D54: =IF($A54="","",IF(N(E81)=0,"N/A",N(D81)/E81)) -> N/A | E54: =IF(OR($A54="",N(E81)=0),"",N(D81)&"/"&E81) | F54: =IF($A54="","",IF(N(G81)=0,"N/A",N(F81)/G81)) -> N/A | G54: =IF(OR($A54="",N(G81)=0),"",N(F81)&"/"&G81) | H54: =IF($A54="","",IF(N(I81)=0,"N/A",N(H81)/I81)) -> N/A | I54: =IF(OR($A54="",N(I81)=0),"",N(H81)&"/"&I81) | J54: =IF($A54="","",IF(N(K81)=0,"N/A",N(J81)/K81)) -> N/A | K54: =IF(OR($A54="",N(K81)=0),"",N(J81)&"/"&K81) | L54: =IF($A54="","",IF(N(M81)=0,"N/A",N(L81)/M81)) -> N/A | M54: =IF(OR($A54="",N(M81)=0),"",N(L81)&"/"&M81)
A55: =IF($A$82="","",$A$82) | B55: =IF($A55="","",IF(N(C82)=0,"N/A",N(B82)/C82)) | C55: =IF(OR($A55="",N(C82)=0),"",N(B82)&"/"&C82) | D55: =IF($A55="","",IF(N(E82)=0,"N/A",N(D82)/E82)) | E55: =IF(OR($A55="",N(E82)=0),"",N(D82)&"/"&E82) | F55: =IF($A55="","",IF(N(G82)=0,"N/A",N(F82)/G82)) | G55: =IF(OR($A55="",N(G82)=0),"",N(F82)&"/"&G82) | H55: =IF($A55="","",IF(N(I82)=0,"N/A",N(H82)/I82)) | I55: =IF(OR($A55="",N(I82)=0),"",N(H82)&"/"&I82) | J55: =IF($A55="","",IF(N(K82)=0,"N/A",N(J82)/K82)) | K55: =IF(OR($A55="",N(K82)=0),"",N(J82)&"/"&K82) | L55: =IF($A55="","",IF(N(M82)=0,"N/A",N(L82)/M82)) | M55: =IF(OR($A55="",N(M82)=0),"",N(L82)&"/"&M82)
A56: =IF($A$83="","",$A$83) | B56: =IF($A56="","",IF(N(C83)=0,"N/A",N(B83)/C83)) | C56: =IF(OR($A56="",N(C83)=0),"",N(B83)&"/"&C83) | D56: =IF($A56="","",IF(N(E83)=0,"N/A",N(D83)/E83)) | E56: =IF(OR($A56="",N(E83)=0),"",N(D83)&"/"&E83) | F56: =IF($A56="","",IF(N(G83)=0,"N/A",N(F83)/G83)) | G56: =IF(OR($A56="",N(G83)=0),"",N(F83)&"/"&G83) | H56: =IF($A56="","",IF(N(I83)=0,"N/A",N(H83)/I83)) | I56: =IF(OR($A56="",N(I83)=0),"",N(H83)&"/"&I83) | J56: =IF($A56="","",IF(N(K83)=0,"N/A",N(J83)/K83)) | K56: =IF(OR($A56="",N(K83)=0),"",N(J83)&"/"&K83) | L56: =IF($A56="","",IF(N(M83)=0,"N/A",N(L83)/M83)) | M56: =IF(OR($A56="",N(M83)=0),"",N(L83)&"/"&M83)
A57: Repro Decom total | B57: =IF($A57="","",IF(N(C84)=0,"N/A",N(B84)/C84)) -> N/A | C57: =IF(OR($A57="",N(C84)=0),"",N(B84)&"/"&C84) | D57: =IF($A57="","",IF(N(E84)=0,"N/A",N(D84)/E84)) -> N/A | E57: =IF(OR($A57="",N(E84)=0),"",N(D84)&"/"&E84) | F57: =IF($A57="","",IF(N(G84)=0,"N/A",N(F84)/G84)) -> N/A | G57: =IF(OR($A57="",N(G84)=0),"",N(F84)&"/"&G84) | H57: =IF($A57="","",IF(N(I84)=0,"N/A",N(H84)/I84)) -> N/A | I57: =IF(OR($A57="",N(I84)=0),"",N(H84)&"/"&I84) | J57: =IF($A57="","",IF(N(K84)=0,"N/A",N(J84)/K84)) -> N/A | K57: =IF(OR($A57="",N(K84)=0),"",N(J84)&"/"&K84) | L57: =IF($A57="","",IF(N(M84)=0,"N/A",N(L84)/M84)) -> N/A | M57: =IF(OR($A57="",N(M84)=0),"",N(L84)&"/"&M84)
A58: Quality Performance
A59: Project | B59: Non-Conformances (live NCRs) | D59: Engineering Queries | F59: Inspection Performance | H59: Lifetime Records
A60: =IF($A$76="","",$A$76) -> Project 1 | B60: =IF($A60="","",IF(ISNUMBER(B102),B102,"N/A")) -> N/A | D60: =IF($A60="","",IF(N(E102)=0,"N/A",N(D102)/E102)) -> N/A | E60: =IF(OR($A60="",N(E102)=0),"",N(D102)&"/"&E102) | F60: =IF($A60="","",IF(N(G102)=0,"N/A",N(F102)/G102)) -> N/A | G60: =IF(OR($A60="",N(G102)=0),"",N(F102)&"/"&G102) | H60: =IF($A60="","",IF(N(I102)=0,"N/A",N(H102)/I102)) -> N/A | I60: =IF(OR($A60="",N(I102)=0),"",N(H102)&"/"&I102)
A61: =IF($A$77="","",$A$77) -> Project 2 | B61: =IF($A61="","",IF(ISNUMBER(B103),B103,"N/A")) -> N/A | D61: =IF($A61="","",IF(N(E103)=0,"N/A",N(D103)/E103)) -> N/A | E61: =IF(OR($A61="",N(E103)=0),"",N(D103)&"/"&E103) | F61: =IF($A61="","",IF(N(G103)=0,"N/A",N(F103)/G103)) -> N/A | G61: =IF(OR($A61="",N(G103)=0),"",N(F103)&"/"&G103) | H61: =IF($A61="","",IF(N(I103)=0,"N/A",N(H103)/I103)) -> N/A | I61: =IF(OR($A61="",N(I103)=0),"",N(H103)&"/"&I103)
A62: =IF($A$78="","",$A$78) -> Project 3 | B62: =IF($A62="","",IF(ISNUMBER(B104),B104,"N/A")) -> N/A | D62: =IF($A62="","",IF(N(E104)=0,"N/A",N(D104)/E104)) -> N/A | E62: =IF(OR($A62="",N(E104)=0),"",N(D104)&"/"&E104) | F62: =IF($A62="","",IF(N(G104)=0,"N/A",N(F104)/G104)) -> N/A | G62: =IF(OR($A62="",N(G104)=0),"",N(F104)&"/"&G104) | H62: =IF($A62="","",IF(N(I104)=0,"N/A",N(H104)/I104)) -> N/A | I62: =IF(OR($A62="",N(I104)=0),"",N(H104)&"/"&I104)
A63: =IF($A$79="","",$A$79) -> Project 4 | B63: =IF($A63="","",IF(ISNUMBER(B105),B105,"N/A")) -> N/A | D63: =IF($A63="","",IF(N(E105)=0,"N/A",N(D105)/E105)) -> N/A | E63: =IF(OR($A63="",N(E105)=0),"",N(D105)&"/"&E105) | F63: =IF($A63="","",IF(N(G105)=0,"N/A",N(F105)/G105)) -> N/A | G63: =IF(OR($A63="",N(G105)=0),"",N(F105)&"/"&G105) | H63: =IF($A63="","",IF(N(I105)=0,"N/A",N(H105)/I105)) -> N/A | I63: =IF(OR($A63="",N(I105)=0),"",N(H105)&"/"&I105)
A64: =IF($A$80="","",$A$80) -> Project 5 | B64: =IF($A64="","",IF(ISNUMBER(B106),B106,"N/A")) -> N/A | D64: =IF($A64="","",IF(N(E106)=0,"N/A",N(D106)/E106)) -> N/A | E64: =IF(OR($A64="",N(E106)=0),"",N(D106)&"/"&E106) | F64: =IF($A64="","",IF(N(G106)=0,"N/A",N(F106)/G106)) -> N/A | G64: =IF(OR($A64="",N(G106)=0),"",N(F106)&"/"&G106) | H64: =IF($A64="","",IF(N(I106)=0,"N/A",N(H106)/I106)) -> N/A | I64: =IF(OR($A64="",N(I106)=0),"",N(H106)&"/"&I106)
A65: =IF($A$81="","",$A$81) -> Project 6 | B65: =IF($A65="","",IF(ISNUMBER(B107),B107,"N/A")) -> N/A | D65: =IF($A65="","",IF(N(E107)=0,"N/A",N(D107)/E107)) -> N/A | E65: =IF(OR($A65="",N(E107)=0),"",N(D107)&"/"&E107) | F65: =IF($A65="","",IF(N(G107)=0,"N/A",N(F107)/G107)) -> N/A | G65: =IF(OR($A65="",N(G107)=0),"",N(F107)&"/"&G107) | H65: =IF($A65="","",IF(N(I107)=0,"N/A",N(H107)/I107)) -> N/A | I65: =IF(OR($A65="",N(I107)=0),"",N(H107)&"/"&I107)
A66: =IF($A$82="","",$A$82) | B66: =IF($A66="","",IF(ISNUMBER(B108),B108,"N/A")) | D66: =IF($A66="","",IF(N(E108)=0,"N/A",N(D108)/E108)) | E66: =IF(OR($A66="",N(E108)=0),"",N(D108)&"/"&E108) | F66: =IF($A66="","",IF(N(G108)=0,"N/A",N(F108)/G108)) | G66: =IF(OR($A66="",N(G108)=0),"",N(F108)&"/"&G108) | H66: =IF($A66="","",IF(N(I108)=0,"N/A",N(H108)/I108)) | I66: =IF(OR($A66="",N(I108)=0),"",N(H108)&"/"&I108)
A67: =IF($A$83="","",$A$83) | B67: =IF($A67="","",IF(ISNUMBER(B109),B109,"N/A")) | D67: =IF($A67="","",IF(N(E109)=0,"N/A",N(D109)/E109)) | E67: =IF(OR($A67="",N(E109)=0),"",N(D109)&"/"&E109) | F67: =IF($A67="","",IF(N(G109)=0,"N/A",N(F109)/G109)) | G67: =IF(OR($A67="",N(G109)=0),"",N(F109)&"/"&G109) | H67: =IF($A67="","",IF(N(I109)=0,"N/A",N(H109)/I109)) | I67: =IF(OR($A67="",N(I109)=0),"",N(H109)&"/"&I109)
A68: Repro Decom total | B68: =IF($A68="","",IF(ISNUMBER(B110),B110,"N/A")) -> N/A | D68: =IF($A68="","",IF(N(E110)=0,"N/A",N(D110)/E110)) -> N/A | E68: =IF(OR($A68="",N(E110)=0),"",N(D110)&"/"&E110) | F68: =IF($A68="","",IF(N(G110)=0,"N/A",N(F110)/G110)) -> N/A | G68: =IF(OR($A68="",N(G110)=0),"",N(F110)&"/"&G110) | H68: =IF($A68="","",IF(N(I110)=0,"N/A",N(H110)/I110)) -> N/A | I68: =IF(OR($A68="",N(I110)=0),"",N(H110)&"/"&I110)
A70: Project data entry
A71: Enter, for each project, the number completed on time (Done) and the number due (Total). Project names typed in the first table flow through the whole sheet. Done greater than Total turns red.
A73: ="PowerBI data – current period ("&CurLbl&")" -> PowerBI data – current period (P7)
A74: Project | B74: CRs Sentenced on time | D74: IERs Sentenced on time | F74: Investigations approved on time | H74: LITF Completed | J74: Assurances completed on time | L74: ATLAS Actions completed on time
B75: Done | C75: Total | D75: Done | E75: Total | F75: Done | G75: Total | H75: Done | I75: Total | J75: Done | K75: Total | L75: Done | M75: Total
A76: Project 1
A77: Project 2
A78: Project 3
A79: Project 4
A80: Project 5
A81: Project 6
A84: Repro Decom total | B84: =SUM(B76:B83) -> 0 | C84: =SUM(C76:C83) -> 0 | D84: =SUM(D76:D83) -> 0 | E84: =SUM(E76:E83) -> 0 | F84: =SUM(F76:F83) -> 0 | G84: =SUM(G76:G83) -> 0 | H84: =SUM(H76:H83) -> 0 | I84: =SUM(I76:I83) -> 0 | ... M84: =SUM(M76:M83) -> 0
A86: ="PowerBI data – previous period ("&PrevLbl&")" -> PowerBI data – previous period (P6)
A87: Project | B87: CRs Sentenced on time | D87: IERs Sentenced on time | F87: Investigations approved on time | H87: LITF Completed | J87: Assurances completed on time | L87: ATLAS Actions completed on time
B88: Done | C88: Total | D88: Done | E88: Total | F88: Done | G88: Total | H88: Done | I88: Total | J88: Done | K88: Total | L88: Done | M88: Total
A89: =IF($A$76="","",$A$76) -> Project 1
A90: =IF($A$77="","",$A$77) -> Project 2
A91: =IF($A$78="","",$A$78) -> Project 3
A92: =IF($A$79="","",$A$79) -> Project 4
A93: =IF($A$80="","",$A$80) -> Project 5
A94: =IF($A$81="","",$A$81) -> Project 6
A95: =IF($A$82="","",$A$82)
A96: =IF($A$83="","",$A$83)
A97: Repro Decom total | B97: =SUM(B89:B96) -> 0 | C97: =SUM(C89:C96) -> 0 | D97: =SUM(D89:D96) -> 0 | E97: =SUM(E89:E96) -> 0 | F97: =SUM(F89:F96) -> 0 | G97: =SUM(G89:G96) -> 0 | H97: =SUM(H89:H96) -> 0 | I97: =SUM(I89:I96) -> 0 | ... M97: =SUM(M89:M96) -> 0
A99: ="Quality Performance – current period ("&CurLbl&")" -> Quality Performance – current period (P7)
A100: Project | B100: Non-Conformances (live NCRs) | D100: Engineering Queries | F100: Inspection Performance | H100: Lifetime Records
B101: Live NCRs | D101: Done | E101: Total | F101: Done | G101: Total | H101: Done | I101: Total
A102: =IF($A$76="","",$A$76) -> Project 1
A103: =IF($A$77="","",$A$77) -> Project 2
A104: =IF($A$78="","",$A$78) -> Project 3
A105: =IF($A$79="","",$A$79) -> Project 4
A106: =IF($A$80="","",$A$80) -> Project 5
A107: =IF($A$81="","",$A$81) -> Project 6
A108: =IF($A$82="","",$A$82)
A109: =IF($A$83="","",$A$83)
A110: Repro Decom total | B110: =IF(COUNT(B102:B109)=0,"",SUM(B102:B109)) | D110: =SUM(D102:D109) -> 0 | E110: =SUM(E102:E109) -> 0 | F110: =SUM(F102:F109) -> 0 | G110: =SUM(G102:G109) -> 0 | H110: =SUM(H102:H109) -> 0 | I110: =SUM(I102:I109) -> 0

Sheet Windscale
A2: Windscale Quality Health Dashboard | I2: =PeriodText -> Period 7 – 23/10/2026
J3: =HYPERLINK("#'Windscale'!A70","Go to project data entry ▼") -> Go to project data entry ▼
A4: PowerBI Data | J4: RAG | K4: =">"&TEXT(PBI_G,"0%") -> >90% | L4: =TEXT(PBI_R,"0%")&" – "&TEXT(PBI_G,"0%") -> 75% – 90% | M4: ="<"&TEXT(PBI_R,"0%") -> <75%
B5: CRs Sentenced on time | D5: IERs Sentenced on time | F5: Investigations approved on time | H5: LITF Completed | J5: Assurances completed on time | L5: ATLAS Actions completed on time
A6: =PrevLbl&" (previous)" -> P6 (previous) | B6: =IF(N(C97)=0,"N/A",N(B97)/C97) -> N/A | D6: =IF(N(E97)=0,"N/A",N(D97)/E97) -> N/A | F6: =IF(N(G97)=0,"N/A",N(F97)/G97) -> N/A | H6: =IF(N(I97)=0,"N/A",N(H97)/I97) -> N/A | J6: =IF(N(K97)=0,"N/A",N(J97)/K97) -> N/A | L6: =IF(N(M97)=0,"N/A",N(L97)/M97) -> N/A
B7: =IF(N(C97)=0,"",N(B97)&"/"&C97) | D7: =IF(N(E97)=0,"",N(D97)&"/"&E97) | F7: =IF(N(G97)=0,"",N(F97)&"/"&G97) | H7: =IF(N(I97)=0,"",N(H97)&"/"&I97) | J7: =IF(N(K97)=0,"",N(J97)&"/"&K97) | L7: =IF(N(M97)=0,"",N(L97)&"/"&M97)
B8: =IF(NOT(ISNUMBER(B6)),"N/A",IF(B6>PBI_G,"Green",IF(B6<PBI_R,"Red","Amber"))) -> N/A | D8: =IF(NOT(ISNUMBER(D6)),"N/A",IF(D6>PBI_G,"Green",IF(D6<PBI_R,"Red","Amber"))) -> N/A | F8: =IF(NOT(ISNUMBER(F6)),"N/A",IF(F6>PBI_G,"Green",IF(F6<PBI_R,"Red","Amber"))) -> N/A | H8: =IF(NOT(ISNUMBER(H6)),"N/A",IF(H6>PBI_G,"Green",IF(H6<PBI_R,"Red","Amber"))) -> N/A | J8: =IF(NOT(ISNUMBER(J6)),"N/A",IF(J6>PBI_G,"Green",IF(J6<PBI_R,"Red","Amber"))) -> N/A | L8: =IF(NOT(ISNUMBER(L6)),"N/A",IF(L6>PBI_G,"Green",IF(L6<PBI_R,"Red","Amber"))) -> N/A
A10: =CurLbl&" (current)" -> P7 (current) | B10: =IF(N(C84)=0,"N/A",N(B84)/C84) -> N/A | D10: =IF(N(E84)=0,"N/A",N(D84)/E84) -> N/A | F10: =IF(N(G84)=0,"N/A",N(F84)/G84) -> N/A | H10: =IF(N(I84)=0,"N/A",N(H84)/I84) -> N/A | J10: =IF(N(K84)=0,"N/A",N(J84)/K84) -> N/A | L10: =IF(N(M84)=0,"N/A",N(L84)/M84) -> N/A
B11: =IF(N(C84)=0,"",N(B84)&"/"&C84) | D11: =IF(N(E84)=0,"",N(D84)&"/"&E84) | F11: =IF(N(G84)=0,"",N(F84)&"/"&G84) | H11: =IF(N(I84)=0,"",N(H84)&"/"&I84) | J11: =IF(N(K84)=0,"",N(J84)&"/"&K84) | L11: =IF(N(M84)=0,"",N(L84)&"/"&M84)
B12: =IF(NOT(ISNUMBER(B10)),"N/A",IF(B10>PBI_G,"Green",IF(B10<PBI_R,"Red","Amber"))) -> N/A | D12: =IF(NOT(ISNUMBER(D10)),"N/A",IF(D10>PBI_G,"Green",IF(D10<PBI_R,"Red","Amber"))) -> N/A | F12: =IF(NOT(ISNUMBER(F10)),"N/A",IF(F10>PBI_G,"Green",IF(F10<PBI_R,"Red","Amber"))) -> N/A | H12: =IF(NOT(ISNUMBER(H10)),"N/A",IF(H10>PBI_G,"Green",IF(H10<PBI_R,"Red","Amber"))) -> N/A | J12: =IF(NOT(ISNUMBER(J10)),"N/A",IF(J10>PBI_G,"Green",IF(J10<PBI_R,"Red","Amber"))) -> N/A | L12: =IF(NOT(ISNUMBER(L10)),"N/A",IF(L10>PBI_G,"Green",IF(L10<PBI_R,"Red","Amber"))) -> N/A
A13: Change | B13: =IF(OR(NOT(ISNUMBER(B6)),NOT(ISNUMBER(B10))),"–",IF(ROUND(B10-B6,4)>0,"▲ ",IF(ROUND(B10-B6,4)<0,"▼ ","► "))&TEXT(ABS(B10-B6)*100,"0.0")&" pts vs "&PrevLbl) -> – | D13: =IF(OR(NOT(ISNUMBER(D6)),NOT(ISNUMBER(D10))),"–",IF(ROUND(D10-D6,4)>0,"▲ ",IF(ROUND(D10-D6,4)<0,"▼ ","► "))&TEXT(ABS(D10-D6)*100,"0.0")&" pts vs "&PrevLbl) -> – | F13: =IF(OR(NOT(ISNUMBER(F6)),NOT(ISNUMBER(F10))),"–",IF(ROUND(F10-F6,4)>0,"▲ ",IF(ROUND(F10-F6,4)<0,"▼ ","► "))&TEXT(ABS(F10-F6)*100,"0.0")&" pts vs "&PrevLbl) -> – | H13: =IF(OR(NOT(ISNUMBER(H6)),NOT(ISNUMBER(H10))),"–",IF(ROUND(H10-H6,4)>0,"▲ ",IF(ROUND(H10-H6,4)<0,"▼ ","► "))&TEXT(ABS(H10-H6)*100,"0.0")&" pts vs "&PrevLbl) -> – | J13: =IF(OR(NOT(ISNUMBER(J6)),NOT(ISNUMBER(J10))),"–",IF(ROUND(J10-J6,4)>0,"▲ ",IF(ROUND(J10-J6,4)<0,"▼ ","► "))&TEXT(ABS(J10-J6)*100,"0.0")&" pts vs "&PrevLbl) -> – | L13: =IF(OR(NOT(ISNUMBER(L6)),NOT(ISNUMBER(L10))),"–",IF(ROUND(L10-L6,4)>0,"▲ ",IF(ROUND(L10-L6,4)<0,"▼ ","► "))&TEXT(ABS(L10-L6)*100,"0.0")&" pts vs "&PrevLbl) -> –
A15: Quality Performance
B16: Non-Conformances (live NCRs) | D16: Engineering Queries | F16: Inspection Performance | H16: Lifetime Records | J16: Escalations
B17: ="Green ≤"&NCR_G&" · Amber "&(NCR_G+1)&"–"&(NCR_R-1)&" · Red ≥"&NCR_R -> Green ≤2 · Amber 3–5 · Red ≥6 | D17: ="Green >"&TEXT(EQ_G,"0%")&" · Amber "&TEXT(EQ_R,"0%")&"–"&TEXT(EQ_G,"0%")&" · Red <"&TEXT(EQ_R,"0%") -> Green >80% · Amber 70%–80% · Red <70% | F17: ="Green >"&TEXT(INSP_G,"0%")&" · Amber "&TEXT(INSP_R,"0%")&"–"&TEXT(INSP_G,"0%")&" · Red <"&TEXT(INSP_R,"0%") -> Green >95% · Amber 90%–95% · Red <90% | H17: ="Green >"&TEXT(LTR_G,"0%")&" · Amber "&TEXT(LTR_R,"0%")&"–"&TEXT(LTR_G,"0%")&" · Red <"&TEXT(LTR_R,"0%") -> Green >95% · Amber 70%–95% · Red <70%
A18: =CurLbl&" (current)" -> P7 (current) | B18: =IF(ISNUMBER(B110),B110,"N/A") -> N/A | D18: =IF(N(E110)=0,"N/A",N(D110)/E110) -> N/A | F18: =IF(N(G110)=0,"N/A",N(F110)/G110) -> N/A | H18: =IF(N(I110)=0,"N/A",N(H110)/I110) -> N/A
B19: =IF(ISNUMBER(B110),"live NCRs","") | D19: =IF(N(E110)=0,"",N(D110)&"/"&E110) | F19: =IF(N(G110)=0,"",N(F110)&"/"&G110) | H19: =IF(N(I110)=0,"",N(H110)&"/"&I110)
B20: =IF(NOT(ISNUMBER(B18)),"N/A",IF(B18<=NCR_G,"Green",IF(B18>=NCR_R,"Red","Amber"))) -> N/A | D20: =IF(NOT(ISNUMBER(D18)),"N/A",IF(D18>EQ_G,"Green",IF(D18<EQ_R,"Red","Amber"))) -> N/A | F20: =IF(NOT(ISNUMBER(F18)),"N/A",IF(F18>INSP_G,"Green",IF(F18<INSP_R,"Red","Amber"))) -> N/A | H20: =IF(NOT(ISNUMBER(H18)),"N/A",IF(H18>LTR_G,"Green",IF(H18<LTR_R,"Red","Amber"))) -> N/A
A22: Quality Performance commentary by project
A23: Project | B23: Non-Conformances | D23: Engineering Queries | F23: Inspection Performance | H23: Lifetime Records
A24: Windscale (general)
A25: =IF($A$76="","",$A$76) -> Project 1
A26: =IF($A$77="","",$A$77) -> Project 2
A27: =IF($A$78="","",$A$78) -> Project 3
A28: =IF($A$79="","",$A$79) -> Project 4
A29: =IF($A$80="","",$A$80) -> Project 5
A30: =IF($A$81="","",$A$81) -> Project 6
A31: =IF($A$82="","",$A$82)
A32: =IF($A$83="","",$A$83)
A34: SOFT – Successes, Opportunities, Failures, Threats
A35: Area | B35: Success | E35: Opportunities | H35: Failures | K35: Threats
A36: Windscale Decom Ops
A37: =IF($A$76="","",$A$76) -> Project 1
A38: =IF($A$77="","",$A$77) -> Project 2
A39: =IF($A$78="","",$A$78) -> Project 3
A40: =IF($A$79="","",$A$79) -> Project 4
A41: =IF($A$80="","",$A$80) -> Project 5
A42: =IF($A$81="","",$A$81) -> Project 6
A43: =IF($A$82="","",$A$82)
A44: =IF($A$83="","",$A$83)
A46: ="Project performance – current period ("&CurLbl&") – calculated" -> Project performance – current period (P7) – calculated
A47: PowerBI data
A48: Project | B48: CRs Sentenced on time | D48: IERs Sentenced on time | F48: Investigations approved on time | H48: LITF Completed | J48: Assurances completed on time | L48: ATLAS Actions completed on time
A49: =IF($A$76="","",$A$76) -> Project 1 | B49: =IF($A49="","",IF(N(C76)=0,"N/A",N(B76)/C76)) -> N/A | C49: =IF(OR($A49="",N(C76)=0),"",N(B76)&"/"&C76) | D49: =IF($A49="","",IF(N(E76)=0,"N/A",N(D76)/E76)) -> N/A | E49: =IF(OR($A49="",N(E76)=0),"",N(D76)&"/"&E76) | F49: =IF($A49="","",IF(N(G76)=0,"N/A",N(F76)/G76)) -> N/A | G49: =IF(OR($A49="",N(G76)=0),"",N(F76)&"/"&G76) | H49: =IF($A49="","",IF(N(I76)=0,"N/A",N(H76)/I76)) -> N/A | I49: =IF(OR($A49="",N(I76)=0),"",N(H76)&"/"&I76) | J49: =IF($A49="","",IF(N(K76)=0,"N/A",N(J76)/K76)) -> N/A | K49: =IF(OR($A49="",N(K76)=0),"",N(J76)&"/"&K76) | L49: =IF($A49="","",IF(N(M76)=0,"N/A",N(L76)/M76)) -> N/A | M49: =IF(OR($A49="",N(M76)=0),"",N(L76)&"/"&M76)
A50: =IF($A$77="","",$A$77) -> Project 2 | B50: =IF($A50="","",IF(N(C77)=0,"N/A",N(B77)/C77)) -> N/A | C50: =IF(OR($A50="",N(C77)=0),"",N(B77)&"/"&C77) | D50: =IF($A50="","",IF(N(E77)=0,"N/A",N(D77)/E77)) -> N/A | E50: =IF(OR($A50="",N(E77)=0),"",N(D77)&"/"&E77) | F50: =IF($A50="","",IF(N(G77)=0,"N/A",N(F77)/G77)) -> N/A | G50: =IF(OR($A50="",N(G77)=0),"",N(F77)&"/"&G77) | H50: =IF($A50="","",IF(N(I77)=0,"N/A",N(H77)/I77)) -> N/A | I50: =IF(OR($A50="",N(I77)=0),"",N(H77)&"/"&I77) | J50: =IF($A50="","",IF(N(K77)=0,"N/A",N(J77)/K77)) -> N/A | K50: =IF(OR($A50="",N(K77)=0),"",N(J77)&"/"&K77) | L50: =IF($A50="","",IF(N(M77)=0,"N/A",N(L77)/M77)) -> N/A | M50: =IF(OR($A50="",N(M77)=0),"",N(L77)&"/"&M77)
A51: =IF($A$78="","",$A$78) -> Project 3 | B51: =IF($A51="","",IF(N(C78)=0,"N/A",N(B78)/C78)) -> N/A | C51: =IF(OR($A51="",N(C78)=0),"",N(B78)&"/"&C78) | D51: =IF($A51="","",IF(N(E78)=0,"N/A",N(D78)/E78)) -> N/A | E51: =IF(OR($A51="",N(E78)=0),"",N(D78)&"/"&E78) | F51: =IF($A51="","",IF(N(G78)=0,"N/A",N(F78)/G78)) -> N/A | G51: =IF(OR($A51="",N(G78)=0),"",N(F78)&"/"&G78) | H51: =IF($A51="","",IF(N(I78)=0,"N/A",N(H78)/I78)) -> N/A | I51: =IF(OR($A51="",N(I78)=0),"",N(H78)&"/"&I78) | J51: =IF($A51="","",IF(N(K78)=0,"N/A",N(J78)/K78)) -> N/A | K51: =IF(OR($A51="",N(K78)=0),"",N(J78)&"/"&K78) | L51: =IF($A51="","",IF(N(M78)=0,"N/A",N(L78)/M78)) -> N/A | M51: =IF(OR($A51="",N(M78)=0),"",N(L78)&"/"&M78)
A52: =IF($A$79="","",$A$79) -> Project 4 | B52: =IF($A52="","",IF(N(C79)=0,"N/A",N(B79)/C79)) -> N/A | C52: =IF(OR($A52="",N(C79)=0),"",N(B79)&"/"&C79) | D52: =IF($A52="","",IF(N(E79)=0,"N/A",N(D79)/E79)) -> N/A | E52: =IF(OR($A52="",N(E79)=0),"",N(D79)&"/"&E79) | F52: =IF($A52="","",IF(N(G79)=0,"N/A",N(F79)/G79)) -> N/A | G52: =IF(OR($A52="",N(G79)=0),"",N(F79)&"/"&G79) | H52: =IF($A52="","",IF(N(I79)=0,"N/A",N(H79)/I79)) -> N/A | I52: =IF(OR($A52="",N(I79)=0),"",N(H79)&"/"&I79) | J52: =IF($A52="","",IF(N(K79)=0,"N/A",N(J79)/K79)) -> N/A | K52: =IF(OR($A52="",N(K79)=0),"",N(J79)&"/"&K79) | L52: =IF($A52="","",IF(N(M79)=0,"N/A",N(L79)/M79)) -> N/A | M52: =IF(OR($A52="",N(M79)=0),"",N(L79)&"/"&M79)
A53: =IF($A$80="","",$A$80) -> Project 5 | B53: =IF($A53="","",IF(N(C80)=0,"N/A",N(B80)/C80)) -> N/A | C53: =IF(OR($A53="",N(C80)=0),"",N(B80)&"/"&C80) | D53: =IF($A53="","",IF(N(E80)=0,"N/A",N(D80)/E80)) -> N/A | E53: =IF(OR($A53="",N(E80)=0),"",N(D80)&"/"&E80) | F53: =IF($A53="","",IF(N(G80)=0,"N/A",N(F80)/G80)) -> N/A | G53: =IF(OR($A53="",N(G80)=0),"",N(F80)&"/"&G80) | H53: =IF($A53="","",IF(N(I80)=0,"N/A",N(H80)/I80)) -> N/A | I53: =IF(OR($A53="",N(I80)=0),"",N(H80)&"/"&I80) | J53: =IF($A53="","",IF(N(K80)=0,"N/A",N(J80)/K80)) -> N/A | K53: =IF(OR($A53="",N(K80)=0),"",N(J80)&"/"&K80) | L53: =IF($A53="","",IF(N(M80)=0,"N/A",N(L80)/M80)) -> N/A | M53: =IF(OR($A53="",N(M80)=0),"",N(L80)&"/"&M80)
A54: =IF($A$81="","",$A$81) -> Project 6 | B54: =IF($A54="","",IF(N(C81)=0,"N/A",N(B81)/C81)) -> N/A | C54: =IF(OR($A54="",N(C81)=0),"",N(B81)&"/"&C81) | D54: =IF($A54="","",IF(N(E81)=0,"N/A",N(D81)/E81)) -> N/A | E54: =IF(OR($A54="",N(E81)=0),"",N(D81)&"/"&E81) | F54: =IF($A54="","",IF(N(G81)=0,"N/A",N(F81)/G81)) -> N/A | G54: =IF(OR($A54="",N(G81)=0),"",N(F81)&"/"&G81) | H54: =IF($A54="","",IF(N(I81)=0,"N/A",N(H81)/I81)) -> N/A | I54: =IF(OR($A54="",N(I81)=0),"",N(H81)&"/"&I81) | J54: =IF($A54="","",IF(N(K81)=0,"N/A",N(J81)/K81)) -> N/A | K54: =IF(OR($A54="",N(K81)=0),"",N(J81)&"/"&K81) | L54: =IF($A54="","",IF(N(M81)=0,"N/A",N(L81)/M81)) -> N/A | M54: =IF(OR($A54="",N(M81)=0),"",N(L81)&"/"&M81)
A55: =IF($A$82="","",$A$82) | B55: =IF($A55="","",IF(N(C82)=0,"N/A",N(B82)/C82)) | C55: =IF(OR($A55="",N(C82)=0),"",N(B82)&"/"&C82) | D55: =IF($A55="","",IF(N(E82)=0,"N/A",N(D82)/E82)) | E55: =IF(OR($A55="",N(E82)=0),"",N(D82)&"/"&E82) | F55: =IF($A55="","",IF(N(G82)=0,"N/A",N(F82)/G82)) | G55: =IF(OR($A55="",N(G82)=0),"",N(F82)&"/"&G82) | H55: =IF($A55="","",IF(N(I82)=0,"N/A",N(H82)/I82)) | I55: =IF(OR($A55="",N(I82)=0),"",N(H82)&"/"&I82) | J55: =IF($A55="","",IF(N(K82)=0,"N/A",N(J82)/K82)) | K55: =IF(OR($A55="",N(K82)=0),"",N(J82)&"/"&K82) | L55: =IF($A55="","",IF(N(M82)=0,"N/A",N(L82)/M82)) | M55: =IF(OR($A55="",N(M82)=0),"",N(L82)&"/"&M82)
A56: =IF($A$83="","",$A$83) | B56: =IF($A56="","",IF(N(C83)=0,"N/A",N(B83)/C83)) | C56: =IF(OR($A56="",N(C83)=0),"",N(B83)&"/"&C83) | D56: =IF($A56="","",IF(N(E83)=0,"N/A",N(D83)/E83)) | E56: =IF(OR($A56="",N(E83)=0),"",N(D83)&"/"&E83) | F56: =IF($A56="","",IF(N(G83)=0,"N/A",N(F83)/G83)) | G56: =IF(OR($A56="",N(G83)=0),"",N(F83)&"/"&G83) | H56: =IF($A56="","",IF(N(I83)=0,"N/A",N(H83)/I83)) | I56: =IF(OR($A56="",N(I83)=0),"",N(H83)&"/"&I83) | J56: =IF($A56="","",IF(N(K83)=0,"N/A",N(J83)/K83)) | K56: =IF(OR($A56="",N(K83)=0),"",N(J83)&"/"&K83) | L56: =IF($A56="","",IF(N(M83)=0,"N/A",N(L83)/M83)) | M56: =IF(OR($A56="",N(M83)=0),"",N(L83)&"/"&M83)
A57: Windscale total | B57: =IF($A57="","",IF(N(C84)=0,"N/A",N(B84)/C84)) -> N/A | C57: =IF(OR($A57="",N(C84)=0),"",N(B84)&"/"&C84) | D57: =IF($A57="","",IF(N(E84)=0,"N/A",N(D84)/E84)) -> N/A | E57: =IF(OR($A57="",N(E84)=0),"",N(D84)&"/"&E84) | F57: =IF($A57="","",IF(N(G84)=0,"N/A",N(F84)/G84)) -> N/A | G57: =IF(OR($A57="",N(G84)=0),"",N(F84)&"/"&G84) | H57: =IF($A57="","",IF(N(I84)=0,"N/A",N(H84)/I84)) -> N/A | I57: =IF(OR($A57="",N(I84)=0),"",N(H84)&"/"&I84) | J57: =IF($A57="","",IF(N(K84)=0,"N/A",N(J84)/K84)) -> N/A | K57: =IF(OR($A57="",N(K84)=0),"",N(J84)&"/"&K84) | L57: =IF($A57="","",IF(N(M84)=0,"N/A",N(L84)/M84)) -> N/A | M57: =IF(OR($A57="",N(M84)=0),"",N(L84)&"/"&M84)
A58: Quality Performance
A59: Project | B59: Non-Conformances (live NCRs) | D59: Engineering Queries | F59: Inspection Performance | H59: Lifetime Records
A60: =IF($A$76="","",$A$76) -> Project 1 | B60: =IF($A60="","",IF(ISNUMBER(B102),B102,"N/A")) -> N/A | D60: =IF($A60="","",IF(N(E102)=0,"N/A",N(D102)/E102)) -> N/A | E60: =IF(OR($A60="",N(E102)=0),"",N(D102)&"/"&E102) | F60: =IF($A60="","",IF(N(G102)=0,"N/A",N(F102)/G102)) -> N/A | G60: =IF(OR($A60="",N(G102)=0),"",N(F102)&"/"&G102) | H60: =IF($A60="","",IF(N(I102)=0,"N/A",N(H102)/I102)) -> N/A | I60: =IF(OR($A60="",N(I102)=0),"",N(H102)&"/"&I102)
A61: =IF($A$77="","",$A$77) -> Project 2 | B61: =IF($A61="","",IF(ISNUMBER(B103),B103,"N/A")) -> N/A | D61: =IF($A61="","",IF(N(E103)=0,"N/A",N(D103)/E103)) -> N/A | E61: =IF(OR($A61="",N(E103)=0),"",N(D103)&"/"&E103) | F61: =IF($A61="","",IF(N(G103)=0,"N/A",N(F103)/G103)) -> N/A | G61: =IF(OR($A61="",N(G103)=0),"",N(F103)&"/"&G103) | H61: =IF($A61="","",IF(N(I103)=0,"N/A",N(H103)/I103)) -> N/A | I61: =IF(OR($A61="",N(I103)=0),"",N(H103)&"/"&I103)
A62: =IF($A$78="","",$A$78) -> Project 3 | B62: =IF($A62="","",IF(ISNUMBER(B104),B104,"N/A")) -> N/A | D62: =IF($A62="","",IF(N(E104)=0,"N/A",N(D104)/E104)) -> N/A | E62: =IF(OR($A62="",N(E104)=0),"",N(D104)&"/"&E104) | F62: =IF($A62="","",IF(N(G104)=0,"N/A",N(F104)/G104)) -> N/A | G62: =IF(OR($A62="",N(G104)=0),"",N(F104)&"/"&G104) | H62: =IF($A62="","",IF(N(I104)=0,"N/A",N(H104)/I104)) -> N/A | I62: =IF(OR($A62="",N(I104)=0),"",N(H104)&"/"&I104)
A63: =IF($A$79="","",$A$79) -> Project 4 | B63: =IF($A63="","",IF(ISNUMBER(B105),B105,"N/A")) -> N/A | D63: =IF($A63="","",IF(N(E105)=0,"N/A",N(D105)/E105)) -> N/A | E63: =IF(OR($A63="",N(E105)=0),"",N(D105)&"/"&E105) | F63: =IF($A63="","",IF(N(G105)=0,"N/A",N(F105)/G105)) -> N/A | G63: =IF(OR($A63="",N(G105)=0),"",N(F105)&"/"&G105) | H63: =IF($A63="","",IF(N(I105)=0,"N/A",N(H105)/I105)) -> N/A | I63: =IF(OR($A63="",N(I105)=0),"",N(H105)&"/"&I105)
A64: =IF($A$80="","",$A$80) -> Project 5 | B64: =IF($A64="","",IF(ISNUMBER(B106),B106,"N/A")) -> N/A | D64: =IF($A64="","",IF(N(E106)=0,"N/A",N(D106)/E106)) -> N/A | E64: =IF(OR($A64="",N(E106)=0),"",N(D106)&"/"&E106) | F64: =IF($A64="","",IF(N(G106)=0,"N/A",N(F106)/G106)) -> N/A | G64: =IF(OR($A64="",N(G106)=0),"",N(F106)&"/"&G106) | H64: =IF($A64="","",IF(N(I106)=0,"N/A",N(H106)/I106)) -> N/A | I64: =IF(OR($A64="",N(I106)=0),"",N(H106)&"/"&I106)
A65: =IF($A$81="","",$A$81) -> Project 6 | B65: =IF($A65="","",IF(ISNUMBER(B107),B107,"N/A")) -> N/A | D65: =IF($A65="","",IF(N(E107)=0,"N/A",N(D107)/E107)) -> N/A | E65: =IF(OR($A65="",N(E107)=0),"",N(D107)&"/"&E107) | F65: =IF($A65="","",IF(N(G107)=0,"N/A",N(F107)/G107)) -> N/A | G65: =IF(OR($A65="",N(G107)=0),"",N(F107)&"/"&G107) | H65: =IF($A65="","",IF(N(I107)=0,"N/A",N(H107)/I107)) -> N/A | I65: =IF(OR($A65="",N(I107)=0),"",N(H107)&"/"&I107)
A66: =IF($A$82="","",$A$82) | B66: =IF($A66="","",IF(ISNUMBER(B108),B108,"N/A")) | D66: =IF($A66="","",IF(N(E108)=0,"N/A",N(D108)/E108)) | E66: =IF(OR($A66="",N(E108)=0),"",N(D108)&"/"&E108) | F66: =IF($A66="","",IF(N(G108)=0,"N/A",N(F108)/G108)) | G66: =IF(OR($A66="",N(G108)=0),"",N(F108)&"/"&G108) | H66: =IF($A66="","",IF(N(I108)=0,"N/A",N(H108)/I108)) | I66: =IF(OR($A66="",N(I108)=0),"",N(H108)&"/"&I108)
A67: =IF($A$83="","",$A$83) | B67: =IF($A67="","",IF(ISNUMBER(B109),B109,"N/A")) | D67: =IF($A67="","",IF(N(E109)=0,"N/A",N(D109)/E109)) | E67: =IF(OR($A67="",N(E109)=0),"",N(D109)&"/"&E109) | F67: =IF($A67="","",IF(N(G109)=0,"N/A",N(F109)/G109)) | G67: =IF(OR($A67="",N(G109)=0),"",N(F109)&"/"&G109) | H67: =IF($A67="","",IF(N(I109)=0,"N/A",N(H109)/I109)) | I67: =IF(OR($A67="",N(I109)=0),"",N(H109)&"/"&I109)
A68: Windscale total | B68: =IF($A68="","",IF(ISNUMBER(B110),B110,"N/A")) -> N/A | D68: =IF($A68="","",IF(N(E110)=0,"N/A",N(D110)/E110)) -> N/A | E68: =IF(OR($A68="",N(E110)=0),"",N(D110)&"/"&E110) | F68: =IF($A68="","",IF(N(G110)=0,"N/A",N(F110)/G110)) -> N/A | G68: =IF(OR($A68="",N(G110)=0),"",N(F110)&"/"&G110) | H68: =IF($A68="","",IF(N(I110)=0,"N/A",N(H110)/I110)) -> N/A | I68: =IF(OR($A68="",N(I110)=0),"",N(H110)&"/"&I110)
A70: Project data entry
A71: Enter, for each project, the number completed on time (Done) and the number due (Total). Project names typed in the first table flow through the whole sheet. Done greater than Total turns red.
A73: ="PowerBI data – current period ("&CurLbl&")" -> PowerBI data – current period (P7)
A74: Project | B74: CRs Sentenced on time | D74: IERs Sentenced on time | F74: Investigations approved on time | H74: LITF Completed | J74: Assurances completed on time | L74: ATLAS Actions completed on time
B75: Done | C75: Total | D75: Done | E75: Total | F75: Done | G75: Total | H75: Done | I75: Total | J75: Done | K75: Total | L75: Done | M75: Total
A76: Project 1
A77: Project 2
A78: Project 3
A79: Project 4
A80: Project 5
A81: Project 6
A84: Windscale total | B84: =SUM(B76:B83) -> 0 | C84: =SUM(C76:C83) -> 0 | D84: =SUM(D76:D83) -> 0 | E84: =SUM(E76:E83) -> 0 | F84: =SUM(F76:F83) -> 0 | G84: =SUM(G76:G83) -> 0 | H84: =SUM(H76:H83) -> 0 | I84: =SUM(I76:I83) -> 0 | ... M84: =SUM(M76:M83) -> 0
A86: ="PowerBI data – previous period ("&PrevLbl&")" -> PowerBI data – previous period (P6)
A87: Project | B87: CRs Sentenced on time | D87: IERs Sentenced on time | F87: Investigations approved on time | H87: LITF Completed | J87: Assurances completed on time | L87: ATLAS Actions completed on time
B88: Done | C88: Total | D88: Done | E88: Total | F88: Done | G88: Total | H88: Done | I88: Total | J88: Done | K88: Total | L88: Done | M88: Total
A89: =IF($A$76="","",$A$76) -> Project 1
A90: =IF($A$77="","",$A$77) -> Project 2
A91: =IF($A$78="","",$A$78) -> Project 3
A92: =IF($A$79="","",$A$79) -> Project 4
A93: =IF($A$80="","",$A$80) -> Project 5
A94: =IF($A$81="","",$A$81) -> Project 6
A95: =IF($A$82="","",$A$82)
A96: =IF($A$83="","",$A$83)
A97: Windscale total | B97: =SUM(B89:B96) -> 0 | C97: =SUM(C89:C96) -> 0 | D97: =SUM(D89:D96) -> 0 | E97: =SUM(E89:E96) -> 0 | F97: =SUM(F89:F96) -> 0 | G97: =SUM(G89:G96) -> 0 | H97: =SUM(H89:H96) -> 0 | I97: =SUM(I89:I96) -> 0 | ... M97: =SUM(M89:M96) -> 0
A99: ="Quality Performance – current period ("&CurLbl&")" -> Quality Performance – current period (P7)
A100: Project | B100: Non-Conformances (live NCRs) | D100: Engineering Queries | F100: Inspection Performance | H100: Lifetime Records
B101: Live NCRs | D101: Done | E101: Total | F101: Done | G101: Total | H101: Done | I101: Total
A102: =IF($A$76="","",$A$76) -> Project 1
A103: =IF($A$77="","",$A$77) -> Project 2
A104: =IF($A$78="","",$A$78) -> Project 3
A105: =IF($A$79="","",$A$79) -> Project 4
A106: =IF($A$80="","",$A$80) -> Project 5
A107: =IF($A$81="","",$A$81) -> Project 6
A108: =IF($A$82="","",$A$82)
A109: =IF($A$83="","",$A$83)
A110: Windscale total | B110: =IF(COUNT(B102:B109)=0,"",SUM(B102:B109)) | D110: =SUM(D102:D109) -> 0 | E110: =SUM(E102:E109) -> 0 | F110: =SUM(F102:F109) -> 0 | G110: =SUM(G102:G109) -> 0 | H110: =SUM(H102:H109) -> 0 | I110: =SUM(I102:I109) -> 0

Sheet Settings
A2: Settings
A3: Pale yellow cells are inputs. Everything else is calculated.
A4: Reporting period
A5: Current period number | B5: 7 | E5: From the source slide: “Period 7 – 23/10/2026”.
A6: Previous period number | B6: 6
A7: Report date | B7: 46318
A8: Current period label | B8: ="P"&B5 -> P7
A9: Previous period label | B9: ="P"&B6 -> P6
A10: Dashboard heading | B10: ="Period "&B5&" – "&TEXT(B7,"dd/mm/yyyy") -> Period 7 – 23/10/2026
A12: RAG thresholds
A13: Measure | B13: Applies to | C13: Green when | D13: Red when | E13: Notes
A14: PowerBI KPIs | B14: CRs, IERs, Investigations, LITF, Assurances, ATLAS Actions | C14: 0.9 | D14: 0.75 | E14: Slide legend: >90% / 75%–90% / <75%. Green is strictly above, Red strictly below; anything between is Amber.
A15: Non-Conformances | B15: Live NCR count (lower is better) | C15: 2 | D15: 6 | E15: Slide legend: 1 to 2 / 3–5 / 6+. Green when at or below; Red when at or above. 0 live NCRs is Green.
A16: Engineering Queries | B16: % closed on time | C16: 0.8 | D16: 0.7 | E16: Slide legend: >80% / 70%–80% / <70%.
A17: Inspection Performance | B17: % completed | C17: 0.95 | D17: 0.9 | E17: Slide legend: >95% / 90%–94% / <90%. Exactly 95% is treated as Amber.
A18: Lifetime Records | B18: % compliant | C18: 0.95 | D18: 0.7 | E18: Slide legend: >95% / 70%–95% / <70%.
